"drinks","Water","Coffee","Soda","Juice","Tea","Beer"
"Water","Ocean","Liquid","Rain","Ice","River","Wet"
"Coffee","Caffeine","Bean","Espresso","Morning","Mug","Roast"
"Soda","Fizz","Cola","Sugar","Can","Pop","Carbonated"
"Juice","Orange","Fruit","Pulp","Squeeze","Vitamin C","Carton"
"Tea","Leaves","Kettle","Steep","Herbal","Green","Chai"
"Beer","Hops","Brewery","Pint","Pub","Lager","Malt"
"Ocean","Wave","Sand","Salt","Blue","Whale","Tide"
"Liquid","Fluid","Oil","Milk","Flow","Blood","Splash"
"Rain","Umbrella","Cloud","Storm","Puddle","Thunder","Drizzle"
"Ice","Cold","Cube","Winter","Glacier","Hockey","Frost"
"River","Bank","Bridge","Stream","Delta","Kayak","Valley"
"Wet","Moist","Damp","Soaked","Towel","Sponge","Mud"
"Caffeine","Energy","Stimulant","Awake","Jitters","Chocolate","Alertness"
"Bean","Pod","Stalk","Chili","Kidney","Jelly","Rice"
"Espresso","Shot","Barista","Crema","Italy","Grind","Bitter"
"Morning","Sunrise","Breakfast","Alarm","Rooster","Commute","Toast"
"Mug","Handle","Ceramic","Cup","Coaster","Souvenir","Pottery"
"Roast","Beef","Oven","Chicken","Gravy","Dinner","Turkey"
"Fizz","Bubbles","Gin","Buzz","Sparkling","Effervesce","Foam"
"Cola","Syrup","Caramel","Bottle","Pepsi","Burger","Pizza"
"Sugar","Sweet","Cane","Candy","Baking","Crystals","White"
"Can","Metal","Tin","Opener","Soup","Aluminum","Lid"
"Pop","Balloon","Music","Corn","Star","Dad","Quiz"
"Carbonated","Seltzer","Gas","Flat","Tonic","Hiss","Burp"
"Orange","Citrus","Pumpkin","Carrot","Peel","Grove","Florida"
"Fruit","Apple","Banana","Grape","Berry","Orchard","Basket"
"Pulp","Paper","Fiction","Wood","Tooth","Magazine","Fiber"
"Squeeze","Hug","Tight","Grip","Press","Squish","Crush"
"Vitamin C","Scurvy","Immune","Lemon","Lime","Supplement","Ascorbic"
"Carton","Eggs","Box","Cardboard","Dairy","Cigarettes","Container"
"Leaves","Tree","Autumn","Rake","Foliage","Plant","Stem"
"Kettle","Whistle","Boil","Steam","Spout","Stove","Pot"
"Steep","Hill","Slope","Incline","Cliff","Pricey","Climb"
"Herbal","Remedy","Garden","Spice","Organic","Aroma","Mint"
"Green","Grass","Emerald","Envy","Money","Frog","Forest"
"Chai","Masala","Cardamom","Cinnamon","Ginger","India","Cloves"
"Hops","Ale","Barley","Cone","Yeast","Jump","Rabbit"
"Brewery","Ferment","Keg","Craft","Taproom","Vat","Stout"
"Pint","Quart","Gallon","Glass","Ounce","Volume","Imperial"
"Pub","Tavern","Darts","Landlord","Bar","Cider","Inn"
"Lager","Pilsner","German","Crisp","Draught","Amber","Pitcher"
"Malt","Whiskey","Vinegar","Scotch","Grain","Shake","Kiln"