"food","Eat","Hunger","Dinner","Cooking","Grocery","Nutrition"
"Eat","Chew","Swallow","Lunch","Snack","Fork","Digest"
"Hunger","Starvation","Appetite","Stomach","Famine","Craving","Thirst"
"Dinner","Meal","Evening","Supper","Plate","Restaurant","Family"
"Cooking","Kitchen","Chef","Recipe","Baking","Oven","Ingredients"
"Grocery","Supermarket","Cart","Aisle","Checkout","Produce","List"
"Nutrition","Vitamin","Diet","Protein","Health","Calories","Fiber"
"Chew","Gum","Teeth","Jaw","Gnaw","Bite","Masticate"
"Swallow","Bird","Throat","Gulp","Spring","Barn","Migration"
"Lunch","Sandwich","Noon","Cafeteria","Break","Picnic","Tray"
"Snack","Chips","Popcorn","Cookie","Pretzel","Cracker","Treat"
"Fork","Spoon","Knife","Silverware","Prongs","Road","Split"
"Digest","Absorb","Summary","Enzyme","Process","Magazine","Breakdown"
"Starvation","Drought","Fasting","Ribs","Weakness","Poverty","Skeleton"
"Appetite","Desire","Palate","Gusto","Gluttony","Satiety","Voracious"
"Stomach","Belly","Acid","Abdomen","Ulcer","Nausea","Gastric"
"Famine","Scarcity","Blight","Shortage","Wasteland","Ration","Plague"
"Craving","Yearning","Urge","Addiction","Longing","Hankering","Impulse"
"Thirst","Water","Drink","Quench","Parched","Hydrate","Liquid"
"Meal","Breakfast","Feast","Banquet","Dessert","Menu","Buffet"
"Evening","Sunset","Twilight","Dusk","Moon","Stars","Darkness"
"Supper","Home","Table","Guest","Communion","Painting","Napkin"
"Plate","Dish","Ceramic","Tectonic","License","Saucer","Porcelain"
"Restaurant","Waiter","Reservation","Bistro","Tip","Booth","Order"
"Family","Parents","Siblings","Children","Love","Tree","Reunion"
"Kitchen","Stove","Fridge","Sink","Pantry","Counter","Cabinet"
"Chef","Apron","Culinary","Gourmet","Whisk","Sauce","Flavor"
"Recipe","Directions","Card","Secret","Measure","Steps","Method"
"Baking","Flour","Dough","Cake","Bread","Yeast","Pastry"
"Oven","Heat","Roast","Timer","Broil","Mitts","Rack"
"Ingredients","Spices","Herbs","Salt","Organic","Raw","Components"
"Supermarket","Trolley","Cashier","Receipt","Coupon","Basket","Scanner"
"Cart","Wheel","Push","Horse","Golf","Wagon","Online"
"Aisle","Wedding","Seat","Row","Church","Plane","Passage"
"Checkout","Hotel","Library","Transaction","Payment","Wallet","Total"
"Produce","Vegetable","Fruit","Farm","Fresh","Factory","Crop"
"List","Item","Roster","Agenda","Index","Entry","Scroll"
"Vitamin","Supplement","Mineral","Deficiency","Pill","Capsule","Immunity"
"Diet","Weight","Keto","Slim","Carbs","Exercise","Salad"
"Protein","Muscle","Meat","Egg","Whey","Beef","Soy"
"Health","Wellness","Fitness","Medicine","Doctor","Hygiene","Vitality"
"Calories","Energy","Burn","Fat","Sugar","Fuel","Joule"
"Fiber","Optic","Cloth","Carbon","Thread","Cable","Strand"