"Futurism","Robotics","Cybernetic","Spacefare","AI","Utopia","Dystopia"
"Robotics","Android","Drone","Cyborg","Automaton","Sensor","Biped"
"Cybernetic","Neural","Link","Augment","Implant","Prosthetic","Interface"
"Spacefare","Starship","Colony","Galaxy","Orbit","Rocket","Cosmos"
"AI","Algorithm","Logic","Network","Compute","Virtual","Bot"
"Utopia","Peace","Garden","Harmony","Solar","Clean","Wellness"
"Dystopia","Ruins","Neon","Chaos","Grit","Regime","Scrap"
"Android","Data","Servo","Humanoid","Synthetic","Silicon","Replicant"
"Drone","Propeller","Remote","Aerial","Camera","Delivery","Swarm"
"Cyborg","Enhance","Organic","Machine","Upgrade","Hybrid","Fusion"
"Automaton","Clockwork","Spring","Gears","Mechanical","Statue","Vintage"
"Sensor","Laser","Thermal","Motion","Sonar","Infrared","Detect"
"Biped","Gait","Legs","Balance","Walk","Stride","Upright"
"Neural","Synapse","Brain","Node","Neuron","Pulse","Signal"
"Link","Chain","Bond","Connect","Bridge","Attach","Join"
"Augment","Boost","Expand","Addon","Extend","Improve","Growth"
"Implant","Microchip","Surgery","Inside","Biochip","Insert","Deep"
"Prosthetic","Limb","Arm","Leg","Plastic","Fit","Function"
"Interface","Screen","Touch","Hologram","Console","Port","Plug"
"Starship","Captain","Bridge","Warp","Cruiser","Voyage","Fleet"
"Colony","Dome","Settler","Mars","Outpost","Base","Frontier"
"Galaxy","Spiral","Milky Way","Star","Cluster","Nebula","Void"
"Orbit","Satellite","Gravity","Circle","Tether","Period","Path"
"Rocket","Thrust","Ignite","Booster","Stage","Fuel","Launch"
"Cosmos","Infinity","Matter","Nature","Astronomy","Unity","Far"
"Algorithm","Sort","Code","Formula","Math","Sequence","Input"
"Logic","Proof","Reason","Truth","Binary","Valid","Think"
"Network","Server","Cloud","Router","Switch","Web","Mesh"
"Compute","Process","Unit","Memory","Power","Speed","Core"
"Virtual","Avatar","Reality","Simulate","Digital","Proxy","Mirror"
"Bot","Script","Automated","Task","Crawl","Chat","Spam"
"Peace","Calm","Quiet","Treaty","Dove","Serene","Still"
"Garden","Bloom","Petal","Flora","Soil","Green","Prune"
"Harmony","Chime","Chord","Balance","Peaceful","Accord","Tune"
"Solar","Panel","Ray","Energy","Sun","Voltage","Amp"
"Clean","Pure","Wash","Fresh","Sanitize","Clear","Scrub"
"Wellness","Health","Vitality","Spirit","Yoga","Flow","Vigor"
"Ruins","Debris","Rubble","Relic","Crumb","Decay","Wreck"
"Neon","Glow","Vibrant","Sign","Gas","Light","Electric"
"Chaos","Anarchy","Riot","Entropy","Pandemonium","Panic","Blur"
"Grit","Urban","Street","Asphalt","Tough","Concrete","Rough"
"Regime","Tower","Master","Overseer","Direct","Command","Check"
"Scrap","Metal","Junk","Salvage","Heap","Rust","Waste"