"Category","Word1","Word2","Word3","Word4","Word5","Word6"
"Space","Moon","Planets","Astronaut","Galaxy","Telescope","Rocket"
"Moon","Crater","Apollo 11","Full Moon","Gravity","Lunar"
"Planets","Mars","Saturn","Jupiter","Venus","Mercury","Neptune"
"Astronaut","Helmet","Spacesuit","NASA","Zero G","Air Tank","Training"
"Galaxy","Stars","Milky Way","Andromeda","Nebula","Dust","Clusters"
"Telescope","Lens","Focus","Tripod","Hubble"
"Rocket","Engine","Launch Pad","Booster","Ignition","Stage"
"Crater","Impact","Deep Hole","Dust","Surface","Ancient","Rocky"
"Apollo 11","Moon Walk","Armstrong","Flag","Eagle","Lander","1969"
"Full Moon","Night Sky","Tides","Wolves","Phase","Cycle"
"Gravity","Force","Weight","Pull","Physics","Mass","Falling"
"Orbit","Path","Satellite","Circle","Station","Loop"
"Lunar","Eclipse","Module","Regolith","Tidal","Robotic","Mission"
"Mars","Red Planet","Rover","Canals","Volcano","Dust Storm","Elon"
"Saturn","Rings","Titan","Gas Giant","Hexagon","Windy"
"Jupiter","Great Red","Moons","Europa","Pressure","Largest","Storm"
"Venus","Acid Rain","Clouds","Sister","Venus Fly","Volcanic"
"Mercury","Closest","Smallest","Hot Days","Cold Night","Iron Core","Crust"
"Neptune","Deep Blue","Triton","Freezing","Voyager","Winds","Outermost"
"Helmet","Visor","Oxygen","Seal","Comm Link","Safety"
"Spacesuit","White","Layers","Gloves","Boots","Patch","Tether"
"NASA","Houston","Florida","Science","Research","Logo","Space X"
"Zero G","Floating","Weightless","Drift","No Floor","Spinning","Fun"
"Air Tank","Breathing","Pressure","Valve","Life","Supply"
"Training","Gym","Centrifuge","Simulate","Underwater","Study","Test"
"Stars","Burning","Light","Sun","Twinkle","Constel","Nova"
"Milky Way","Spiral","Old Stars","Center","Black Hole","Home"
"Andromeda","Neighbor","Collision","Distant","Billion","Light Year"
"Nebula","Orion","Gas Cloud","Colors","Nursery","Hubble","Pillars"
"Dust","Particles","Space","Dirty","Speck","Cloud","Vacuum"
"Clusters","Groups","Dense","Gravity","Globular","Open","Massive"
"Lens","Optics","Curve","Focus","Vision"
"Mirror","Reflect","Silver","Looking","Symmetry"
"Focus","Blurry","Adjust","Eye","Dial","Target"
"View","Horizon","Lookout","Sight","Landscape","Window","Scene"
"Tripod","Three Legs","Stand","Support","Camera","Steady","Mount"
"Hubble","Orbit","Deep Space","Repair","Camera","Shuttle","Discovery"
"Engine","Power","Nozzle","Combustion","Thrust","Heat"
"Fuel","Liquid","Oxygen","Hydrogen","Tank","Energy","Refuel"
"Launch Pad","Gantry","Concrete","Coast","Ready","Static","Tower"
"Booster","Kick","Ascent","Detatch","Speed"
"Ignition","Spark","Flame","Fire","Start","Countdown","Button"
"Stage","First","Second","Separate","Booster","Rocket","Cutoff"
"Impact","Crash","Boom","Meteor","Strike","Blast"
"Deep Hole","Pit","Abyss","Bottom","Cave","Dark","Depth"
"Surface","Flat","Texture","Top Layer","Ground","Outside","Skin"
"Ancient","Old","Aged","Antique","History","Legacy","Distant"
"Rocky","Rugged","Craggy","Pebble","Boulders"
"Armstrong","First Man","Pilot","Hero","Navy","Icon","Ohio"
"Flag","Fabric","Pole","Wave","Symbol","Stripes","Banner"
"Eagle","Lander","Bird","Wings","Claws","Flight","Predator"
"Lander","Touchdown","Legs","Touch","Station","Site","Probe"
"1969","Sixties","Summer","Woodstock","Nixon","Retro","Vintage"
"Glowing","Shiny","Luminous","Vivid","Radiant","Light"
"Night Sky","Darkness","Evening","Midnight","Watching","Space"
"Tides","Ocean","High Tide","Low Tide","Waves","Flow"
"Wolves","Howl","Pack","Forest","Canine","Alpha","Winter"
"Phase","Quarter","Crescent","Gibbous","Waning","Waxing","New Moon"
"Cycle","Repeat","Pattern","Circle","Routine","Loop"
"Red Planet","Mars","Rusty","Dusty","Desert","Dry","Oxide"
"Rover","Wheels","Camera","Remote","Sample","Robot","Curiosity"
"Canals","Waterway","Ditch","Narrow","Channel","Path"
"Volcano","Lava","Magma","Erupt","Ash","Smoke","Peak"
"Dust Storm","Windy","Blinding","Red Cloud","Dry","Desert","Gust"
"Elon","Tesla","X","Space X","Boss","Rich","Vision"
"Rings","Circles","Hoops","Halo","Bands","Disk","Orbit"
"Titan","Giant","Moon","Frozen","Nitrogen","Big","Colossus"
"Gas Giant","Cloudy","No Solid","Huge","Vapor","Hydrogen","Massive"
"Yellow","Pale","Lemon","Gold","Color","Sunlight"
"Hexagon","Six Sides","Shape","Geometry","Pattern","Polygon","Angle"
"Great Red","Storm","Eye","Wind","Oval","Giant","Swirl"
"Moons","Natural","Satellite","Orbiters","Worlds","Planets","Night"
"Europa","Ice Crust","Ocean","Alien","Hidden","Shell","Water"
"Pressure","Heavy","Crush","Depth","Weight","Steam"
"Acid Rain","Corrosive","Toxic","Liquid","Burn","Hazard","Venom"
"Hot","Heat","Boiling","Sizzle","Warm","Baking","Fever"
"Clouds","Mist","Fog","Fluffy","White","Sky","Overcast"
"Sister","Sibling","Twin","Family","Similar","Related","Bond"
"Smallest","Tiny","Little","Mini","Minor","Puny","Short"
"Iron Core","Center","Heavy","Magnetic","Solid","Hard","Inside"
"Freezing","Chilly","Ice","Frost","Bitter","Numb","Polar"
"Voyager","Probe","Traveler","Journey","Deep Space","NASA","Record"
"Outermost","Edge","Final","Last","Remote","Boundary","Distant"
"Visor","Shield","Screen","View","Protection","Face"
"Oxygen","Air","Breathing","Life","Pure","Tank"
"Seal","Tight","Closing","Lock","Gasket","Rubber","Secure"
"White","Bright","Pure","Clean","Blank","Snow","Color"
"Layers","Stacked","Tiers","Sheets","Plies","Levels","Depth"
"Spiral","Twist","Curved","Coil","Helix","Swirl","Winding"
"Black Hole","Gravity","Darkness","Singular","Event","Absorb"
"Neighbor","Local","Next Door","Nearby","Friend","Close","Area"
"Collision","Crash","Impact","Smash","Wreck","Meeting","Hit"
"Orion","Hunter","Belt","Winter","Bow","Rigel"
"Gas Cloud","Mist","Nebula","Fumes","Vapor","Plume","Aerosol"
"Colors","Rainbow","Hues","Tints","Shades","Palette","Bright"
"Nursery","Cradle","Baby","Birth","Infant","Care","Seed"
"Pillars","Columns","Posts","Support","Stone","Towers","Tall"
"Particles","Bits","Specks","Atoms","Grains","Fragments","Motes"
"Vacuum","Empty","Suction","Clean","Airless","Space"
"Speck","Tiny Bit","Dot","Small","Grain","Atom","Point"
"Groups","Teams","Crowds","Bundles","Sets","Piles","Clumps"
"Dense","Thick","Heavy","Packed","Tight","Firm"
"Globular","Spherical","Ball","Globe","Bead","Orb"
"Optics","Lenses","Sight","Vision","Eyes","Focus"
"Curve","Bend","Arch","Arc","Bow","Swerve"
"Clear","Plain","Pure","Glassy","Visible","Clean"
"Reflect","Mirror","Bounce","Echo","Gleam","Shine","Return"
"Silver","Metal","Grey","Coin","Chrome","Nickel"
"Symmetry","Balanced","Equal","Same","Match","Even"
"Blurry","Fuzzy","Hazy","Mist","Unclear","Out Of","Vague"
"Power","Strength","Energy","Might","Electricity","Juice"
"Nozzle","Spout","Tip","Spray","Outlet","Opening","Funnel"
"Combustion","Fire","Burn","Explosion","Ignite","Flare"
"Thrust","Push","Lift","Drive","Propel","Boost","Shove"
"Gantry","Tower","Frame","Bridge","Scaffold","Crane"
"Concrete","Cement","Pavement","Grey","Slab"
"Countdown","Timer","Final Secs","Ten","Zero","Wait"
"Force","Push","Pull","Pressure","Muscle","Strength","Drive"
"Mass","Size","Weight","Bulk","Body","Matter","Quantity"
"Falling","Dropping","Plunging","Tumbling","Diving","Descent","Sinking"
"Speed","Fast","Velocity","Quick","Rapid","Tempo","Pace"
"Loop","Circle","Ring","Coil","Curled","Spiral"
"Crash","Smash","Wreck","Bang","Impact","Collision","Accident"
"Boom","Loud","Sound","Thunder","Blast","Noise","Echo"
"Depth","Deep","Low","Bottom","Deep Water","Abyss","Void"
"Flat","Level","Smooth","Even","Plain","Platter","Surface"
"Rocky","Stony","Rugged","Granite","Jagged","Rough"
"Ohio","States","America","Flag","Akron","Cleveland","Midwest"
"Sixties","Hippie","Peace","Retro","Vintage","Decade","History"
"Summer","Hot","Sunny","Beach","July","Vacation","Season"
"Nixon","President","Politics","Watergate","History","Leader","Seventies"
"Retro","Old School","Classic","Cool","Style","Past"
"Vintage","Antique","Old","Aged","Rare","Classic","Quality"
"Vivid","Bright","Bold","Colorful","Strong","Rich"
"Radiant","Glowing","Beaming","Shining","Warm","Solar"
"Flow","River","Stream","Current","Glide","Water"
"Howl","Cry","Wail","Wind","Wolf","Sound","Noisy"
"Pack","Group","Bundle","Box","Travel","Carry","Set"
"Forest","Trees","Woodland","Nature","Green","Woods","Hiking"
"Alpha","Leader","First","Top Dog","Master","Beginning","Greek"
"Logo","Brand","Badge","Symbol","Design","Patch","Emblem"
"Houston","City","Texas","Mission","Control","Space City","Astros"
"Florida","Beach","Miami","Orlando","Sun State","Palms","Coast"
"Science","Lab","Biology","Physics","Study","Data","Method"
"Research","Study","Books","Search","Facts","Testing","Finder"
"Space X","Musk","Falcon","Starship","Mars","Dragon","Rocket"
"Drift","Slide","Float","Move","Gliding","Coast","Shift"
"Spinning","Turning","Rotate","Whirling","Dizzy","Twist","Cycle"
"Supply","Stock","Goods","Provide","Stores","Cargo","Source"
"Gym","Workout","Exercise","Fitness","Weights","Treadmill","Health"
"Simulate","Mimic","Copy","Model","Virtual","Fake","Pretend"
"Test","Exam","Check","Trial","Quiz","Analyze","Grade"
"Sun","Solar","Yellow","Star","Day"
"Twinkle","Shine","Sparkle","Glimmer","Flicker","Glint","Light"
"Nova","Explode","Burst","Star","Super","Flash"
"Center","Middle","Core","Heart","Inside","Point","Hub"
"Distant","Far","Remote","Away","Out There","Long Way","Isolated"
"Billion","Huge Num","Wealthy","Nine Zeros","Rich","Massive","Grand"
"Light Year","Distance","Travel","Far Away","Cosmic","Space"
"Orion","Hunter","Belt","Myth","Winter","Sky"
"Cradle","Baby","Rocking","Bed","Hold","Safe","Basket"
"Columns","Pillars","Posts","Vertical","Support","Towers"
"Grains","Sand","Cereal","Wheat","Bits","Particles","Seeds"
"Motes","Specks","Dust","Glint","Air","Floating"
"Clean","Wash","Pure","Tidy","Neat","Spotless","Fresh"
"Dot","Point","Speck","Period","Spot","Mark","Tiny"
"Ball","Round","Sphere","Game","Bounce","Roll","Globe"
"Globe","Map","Earth","World","Sphere","Atlas","Orb"
"Bead","Jewelry","Necklace","String","Glass","Small"
"Sight","Vision","Eyes","Seeing","Scene","Gaze"
"Blurry","Fuzzy","Out Focus","Hazy","Smudged","Dim","Unclear"
"Hazy","Misty","Smoky","Cloudy","Foggy","Vague","Murky"
"Vague","Unclear","Obscure","Fuzzy","Cloudy","Loose","Distant"
"Sharp","Pointy","Keen","Edge","Acute","Smart","Blade"
"Glassy","Clear","Frozen","Polished","Still"
"Chrome","Silver","Bumper","Polished"
"Nickel","Coin","Five Cents","Silver","Alloy","Money"
"Symmetry","Balance","Equal","Matching","Even","Same"
"Steel","Iron","Strong","Alloy","Beam"
"Crane","Bird","Lift","Tall","Machine","Hoisting","Construction"
"Cement","Driveway","Mixing","Paste","Gray","Solid"
"Slab","Chunk","Block","Thick","Piece","Concrete"
"Timer","Clock","Watch","Seconds","Alarm","Period","Stopwatch"
"Wait","Stay","Pause","Delay","Hold","Patient","Expect"
"Empty","Hollow","Vacant","Void","Blank","Bare","Clear"
"Suction","Vacuum","Pull","Grip","Pump","Draw","Hold"
"Point","Tip","End","Dot","Mark","Direct","Aim"
"Small","Little","Mini","Puny","Slight","Minor"
"Bounce","Spring","Hop","Rebound","Jump","Reflect","Active"
"Roll","Wheel","Turn","Circle","Spin","Loaf","Cylinder"
"Arch","Curve","Bridge","Bend","Gateway","Portal","Vault"
"Swerve","Veer","Shift","Avoid","Curve","Dodge"
"Plain","Simple","Basic","Flat","Normal","Ordinary"
"Basic","Simple","Entry","Primary","Rough","Easy","Element"
"Normal","Usual","Regular","Common","Typical","Average","Standard"
"Average","Mean","Medium","Middle","Midpoint","Normal","Common"
"Pace","Speed","Tempo","Rate","Step","Stride","Walking"
"Step","Stair","Stride","Footprint","Stage","Action","Move"
"Akron","Ohio","Rubber","City","Lebron","Midwest","USA"
"July","Summer","Month","Holiday","Seventh"
"Vacation","Trip","Travel","Holiday","Break","Away","Relax"
"Leader","Chief","Boss","Head","Alpha","Captain","Guide"
"Chief","Leader","Head","Main","Primary","Officer","Indian"
"Indian","Native","Culture","India","Asia","Pride","Tribe"
"India","Delhi","Spices","Yoga","Ganges","Silk","Mango"
"Delhi","Capital","India","City","Old Delhi","Busy","Urban"
"Spices","Flavor","Pepper","Cumin","Ginger","Seasoning","Hot"
"Yoga","Stretch","Peace","Mat","Zen","Breathe","Pose"
"Mango","Fruit","Sweet","Orange","Tropical","Juicy","Stone"
"Ganges","River","Holy","India","Sacred","Flow"
"Pose","Model","Stance","Still","Strike","Picture","Postue"
"Mat","Rug","Floor","Gym","Yoga","Padding","Flat"
"Zen","Calm","Peace","Quiet","Simple","Garden","Buddhism"
"Breathe","Inhale","Exhale","Lungs","Oxygen","Air","Deep"
"Tribe","Group","Family","Clan","Native","Village","People"
"Silk","Fabric","Soft","Luxury","Thread","Fiber"
"Urban","City","Town","Metropolis","Downtown","Street","Busy"
"Seasoning","Salt","Pepper","Spice","Flavor","Herbs","Rub"
"Ginger","Root","Spice","Snap","Zest","Sushi"
"Pepper","Black","Bell","Grinder","Spicy","Season"
"Cumin","Seed","Spice","Earth","Ground","Taco","Aroma"
"Valve","Switch","Pipe","Flow","Control"
"Nozzle","Sprayer","Hose","Tip","Outlet","End"
"Liquid","Fluid","Wet","Flowing","Melted","State"
"Hydrogen","Element","Water","Proton"
"Combustion","Fire","Blast","Engine","Burn","Power"
"Ignite","Spark","Flame","Burn","Start","Fire"
"Thrust","Push","Engine","Launch"
"Propel","Push","Move","Drive","Launch","Shove","Forward"
"Tower","Building","Steel","High","Structure","Silo"
"Gantry","Frame","Crane","Launch","Bridge","Steel"
"Scaffold","Ladder","Frame","Build","Work","Stages","Tower"
"Cement","Gray","Mixing","Wet","Build","Solid"
"Mixer","Bowl","Kitchen","Electric","Whisk","Blend","Bake"
"Pavement","Road","Street","Tar","Path","Walkway","Hard"
"Asphalt","Road","Tar","Black","Path","Driveway","Smooth"
"Tar","Black","Sticky","Gooey","Thick","Pitch","Seal"
"Stairs","Steps","Levels","Climb","Ascent","Flight","Up"
"Ladder","Climb","Rungs","Step","Paint","Height"
"Clock","Time","Watch","Timer","Hand","Face","Second"
"Watch","Look","Observe","Wrist","Gaze","See"
"Alarm","Sound","Wake Up","Alert","Siren","Bell"
"Siren","Loud","Police","Ambulance","Wail","Warn","Alert"
"Ambulance","Medic","Nurse","Rescue","Siren","Hospital","Van"
"Hospital","Doctor","Sick","Help","Clinic","Care","Nurse"
"Doctor","Medic","Surgeon","Health","Visit","Physician","M.D."
"Surgeon","Doctor","Scalpel","Cut","Operate","Medical","Expert"
"Scalpel","Knife","Sharp","Blade","Cut","Surgery","Tool"
"Tool","Wrench","Hammer","Fix","Utility","Device","Handy"
"Wrench","Tool","Nut","Bolt","Plumbing","Tighten"
"Hammer","Nail","Tool","Pound","Build","Strike","Metal"
"Nail","Hammer","Screw","Finger","Fasten"
"Fasten","Clip","Tie","Zip","Link","Join","Secure"