"medicine","Doctor","Health","Pharmacy","Treatment","Remedy","Cure"
"Doctor","Stethoscope","Patient","Hospital","Nurse","Diagnosis","Surgery"
"Health","Fitness","Wellness","Nutrition","Exercise","Vitality","Hygiene"
"Pharmacy","Pharmacist","Pills","Drugstore","Refill","Chemist","Dosage"
"Treatment","Therapy","Recovery","Healing","Procedure","Care","Rehab"
"Remedy","Solution","Antidote","Elixir","Relief","Balm","Tonic"
"Cure","Panacea","Vaccine","Disease","Miracle","Prevention","Placebo"
"Stethoscope","Heartbeat","Lungs","Listen","Chest","Pulse","Exam"
"Patient","Sick","Clinic","Waiting","Symptoms","Chart","Ambulance"
"Hospital","Emergency","Ward","Bed","X-Ray","Scrubs","Trauma"
"Nurse","Thermometer","Syringe","Bandage","Uniform","Rounds","IV Drip"
"Diagnosis","Prognosis","Pathology","Analysis","Evaluation","Screening","Findings"
"Surgery","Scalpel","Incision","Anesthesia","Operation","Sutures","Surgeon"
"Fitness","Gym","Workout","Strength","Muscle","Training","Athlete"
"Wellness","Balance","Mindfulness","Spa","Yoga","Holistic","Harmony"
"Nutrition","Diet","Vitamin","Protein","Calories","Fiber","Metabolism"
"Exercise","Running","Sweat","Cardio","Aerobics","Stretching","Endurance"
"Vitality","Energy","Vigor","Life","Spirit","Zest","Stamina"
"Hygiene","Soap","Cleanliness","Shower","Toothbrush","Sanitizer","Washing"
"Pharmacist","Medication","Dispense","Apothecary","Script","Compound","Tablet"
"Pills","Capsule","Bottle","Swallow","Water","Childproof","Side effect"
"Drugstore","Cosmetics","Counter","Aisle","Retail","Candy","Register"
"Refill","Ink","Coffee","Gas","Tank","Cartridge","Soda"
"Chemist","Beaker","Experiment","Formula","Element","Molecule","Reaction"
"Dosage","Milligram","Amount","Frequency","Measure","Label","Regimen"
"Therapy","Counseling","Session","Couch","Psychology","Mental","Support"
"Recovery","Backup","Salvage","Rest","Sobriety","Economy","Rebound"
"Healing","Mending","Restoration","Repair","Renewal","Regrowth","Soothing"
"Procedure","Protocol","Method","Step","Policy","Routine","Process"
"Care","Love","Compassion","Nurture","Caution","Protection","Kindness"
"Rehab","Addiction","Detox","Injury","Withdrawal","Relapse","Crutches"
"Solution","Answer","Mixture","Problem","Solvent","Fix","Resolution"
"Antidote","Poison","Venom","Toxin","Serum","Snakebite","Neutralize"
"Elixir","Potion","Alchemy","Magic","Gold","Youth","Vial"
"Relief","Sigh","Aid","Tax","Map","Carving","Ease"
"Balm","Salve","Lip","Ointment","Tiger","Lemon","Menthol"
"Tonic","Gin","Quinine","Lime","Scale","Carbonated","Bitter"
"Panacea","Universal","Goddess","Snake oil","Nostrum","Myth","Wonder drug"
"Vaccine","Immunity","Inoculation","Antibody","Virus","Booster","Injection"
"Disease","Infection","Bacteria","Illness","Plague","Epidemic","Pathogen"
"Miracle","Divine","Faith","Prayer","Phenomenon","Blessing","Marvel"
"Prevention","Safety","Avoidance","Security","Barrier","Planning","Maintenance"
"Placebo","Sugar","Control","Fake","Inert","Belief","Sham"