"nature","Trees","Wildlife","Forest","River","Outdoors","Plants"
"Trees","Roots","Leaves","Bark","Branch","Trunk","Wood"
"Wildlife","Animals","Habitat","Safari","Fauna","Species","Jungle"
"Forest","Canopy","Trail","Moss","Ranger","Cabin","Pine"
"River","Water","Stream","Flow","Bridge","Current","Rapids"
"Outdoors","Hiking","Camping","Mountain","Park","Picnic","Landscape"
"Plants","Flowers","Garden","Soil","Seeds","Botany","Green"
"Roots","Ancestry","Underground","Origin","Tooth","Ginger","Anchor"
"Leaves","Autumn","Rake","Foliage","Tea","Pile","Rustle"
"Bark","Dog","Woof","Cinnamon","Bite","Rough","Cork"
"Branch","Bank","Limb","Division","Twig","Fork","Office"
"Trunk","Elephant","Car","Storage","Chest","Luggage","Torso"
"Wood","Lumber","Carpenter","Grain","Log","Oak","Plank"
"Animals","Zoo","Pet","Mammal","Creature","Fur","Predator"
"Habitat","Environment","Ecosystem","Shelter","Biome","Territory","Home"
"Safari","Jeep","Lion","Binoculars","Savanna","Africa","Khaki"
"Fauna","Flora","Beast","Kingdom","Reptile","Bird","Insect"
"Species","Genus","Taxonomy","Extinct","Evolution","Organism","Endangered"
"Jungle","Amazon","Vines","Tropical","Machete","Humid","Tarzan"
"Canopy","Bed","Parachute","Awning","Cockpit","Shade","Dome"
"Trail","Path","Mix","Wagon","Clue","Route","Footprint"
"Moss","North","Rock","Soft","Peat","Velvet","Spores"
"Ranger","Texas","Power","Lone","Warden","Badge","Army"
"Cabin","Fever","Rustic","Lincoln","Fireplace","Lodge","Retreat"
"Pine","Cone","Needle","Sap","Nut","Scent","Wreath"
"Water","Ocean","Liquid","H2O","Rain","Ice","Swim"
"Stream","Live","Video","Audio","Broadcast","Data","Jet"
"Flow","Rhythm","Chart","Circulation","Traffic","Cash","Process"
"Bridge","Span","Arch","Steel","Crossing","Viaduct","Truss"
"Current","Electricity","Tide","Present","Voltage","Trend","Events"
"Rapids","Rafting","Kayak","Turbulence","Paddle","Spray","Boulder"
"Hiking","Backpack","Boots","Trek","Summit","Compass","Peak"
"Camping","Tent","Bonfire","Marshmallow","Flashlight","Lantern","S'mores"
"Mountain","Snow","Valley","Altitude","Range","Cliff","Slope"
"Park","Playground","Bench","Swing","Gazebo","Kite","Slide"
"Picnic","Basket","Blanket","Sandwich","Ants","Lunch","Summer"
"Landscaper","Lawn Mower","Fertilizer","Home Depot","Leaf Blower","Truck and Trailer","Yard Maintenance"
"Flowers","Petal","Bloom","Bouquet","Rose","Pollen","Vase"
"Garden","Vegetables","Weeds","Gnome","Shovel","Harvest","Compost"
"Soil","Dirt","Clay","Sand","Silt","Mud","Loam"
"Seeds","Germinate","Sow","Sprout","Kernel","Pip","Sesame"
"Botany","Biology","Chlorophyll","Greenhouse","Fern","Cactus","Shrub"
"Green","Emerald","Envy","Dollar","Recycle","Slime","Neon"