"transportation","Vehicle","Bus","Train","Subway","Traffic","Highway"
"Vehicle","Car","Truck","Motorcycle","Bicycle","Airplane","Scooter"
"Bus","Driver","Stop","Route","School","Fare","Passenger"
"Train","Railroad","Tracks","Locomotive","Station","Conductor","Whistle"
"Subway","Metro","Tunnel","Underground","Platform","Turnstile","Commute"
"Traffic","Jam","Gridlock","Rush hour","Light","Horn","Congestion"
"Highway","Interstate","Freeway","Asphalt","Toll","Exit","Overpass"
"Car","Engine","Tire","Garage","Sedan","Seatbelt","Gasoline"
"Truck","Cargo","Trailer","Diesel","Pickup","Semi","Haul"
"Motorcycle","Helmet","Biker","Chopper","Sidecar","Leather","Kickstand"
"Bicycle","Pedal","Chain","Spoke","Handlebar","Saddle","Gear"
"Airplane","Pilot","Wing","Jet","Runway","Cockpit","Flight"
"Scooter","Razor","Vespa","Electric","Deck","Sidewalk","Moped"
"Driver","Chauffeur","License","Golf","Software","Taxi","Racer"
"Stop","Halt","Cease","Pause","Red","Octagon","Sign"
"Route","Map","Path","Course","Navigation","Itinerary","GPS"
"School","Teacher","Student","Classroom","Homework","Principal","Textbook"
"Fare","Price","Ticket","Cost","Menu","Token","Payment"
"Passenger","Seat","Luggage","Rider","Trip","Tourist","Backseat"
"Railroad","Caboose","Steam","Spike","Trestle","Boxcar","Signal"
"Tracks","Song","Footprint","Field","Album","Lane","Sprint"
"Locomotive","Coal","Engineer","Boiler","Smoke","Freight","Tender"
"Station","Radio","Police","Space","Broadcast","Channel","Orbit"
"Conductor","Orchestra","Baton","Copper","Symphony","Current","Podium"
"Whistle","Referee","Kettle","Lips","Coach","Dog","Lifeguard"
"Metro","City","Transit","Tube","Card","Urban","Rapid"
"Tunnel","Dark","Echo","Vision","Carpal","Mountain","Burrow"
"Underground","Basement","Sewer","Bunker","Roots","Cave","Mine"
"Platform","Console","Stage","Diving","Rig","Shoes","Campaign"
"Turnstile","Stadium","Access","Gate","Security","Metal","Rotate"
"Commute","Work","Office","Daily","Morning","Podcast","Coffee"
"Jam","Toast","Jar","Strawberry","Jelly","Bread","Session"
"Gridlock","Stalemate","Bottleneck","Standstill","Politics","Bumper","Junction"
"Rush hour","Delay","Slow","Crowd","Evening","Stress","Crawl"
"Light","Sun","Bulb","Bright","Lamp","Ray","Candle"
"Horn","Rhino","Unicorn","Trumpet","Bull","Brass","Ram"
"Congestion","Sinus","Blockage","Mucus","Clog","Nose","Cold"
"Interstate","Road","Border","Speed","Median","Ramp","Concrete"
"Freeway","Expressway","Merge","Shoulder","Guardrail","Billboard","Interchange"
"Asphalt","Tar","Paving","Black","Pothole","Driveway","Steamroller"
"Toll","Bridge","Booth","Fee","Bell","Coin","Death"
"Exit","Door","Emergency","Departure","Escape","Leave","Evacuate"
"Overpass","Flyover","Viaduct","Clearance","Graffiti","Pillar","Crossing"