ID,theme,themedef,category,catdef,word1,worddef1,word2,worddef2,word3,worddef3,word4,worddef4,score,cat21
694,""Las Vegas"",""A major resort city in Nevada known for its vibrant nightlife, 24-hour casinos, and numerous entertainment options."",""Casinos"",""Establishments that house and accommodate certain types of gambling activities and entertainment."",""Blackjack"",""A popular card game where players aim to get a hand value as close to twenty-one as possible without exceeding it."",""Roulette"",""A gambling game in which a ball is dropped onto a revolving wheel with numbered compartments."",""Slot Machine"",""A gambling device operated by dropping a coin into a slot and pulling a lever or pushing a button."",""Poker"",""A family of card games that combines strategy, skill, and gambling, often played in tournaments."",""5"",""Gaming""
695,""Las Vegas"",""A major resort city in Nevada known for its vibrant nightlife, 24-hour casinos, and numerous entertainment options."",""Famous Landmarks"",""Notable physical features or buildings that are easily recognized and associated with the city."",""Bellagio Fountains"",""A large-scale choreographed water feature with light and music located in front of the Bellagio hotel."",""Stratosphere"",""An observation tower that is the tallest freestanding structure in Nevada, featuring thrill rides at the top."",""High Roller"",""A massive Ferris wheel on the Las Vegas Strip that offers panoramic views of the entire valley."",""Welcome Sign"",""The iconic neon sign created in 1959 that greets visitors entering the southern end of the Strip."",""3"",""Geography""
696,""Las Vegas"",""A major resort city in Nevada known for its vibrant nightlife, 24-hour casinos, and numerous entertainment options."",""Shows"",""Live entertainment acts including magic, acrobatics, and musical residencies that define the city's culture."",""Cirque du Soleil"",""A world-renowned contemporary circus known for its artistic and acrobatic performances in permanent theaters."",""Magic Show"",""Performances featuring illusions and sleight of hand, often headlined by famous magicians."",""Residency"",""A series of concerts or shows performed by a specific artist at the same venue over an extended period."",""Burlesque"",""A style of theatrical entertainment involving parody and sometimes striptease, often found in vintage-style clubs."",""3"",""Art""
697,""Las Vegas"",""A major resort city in Nevada known for its vibrant nightlife, 24-hour casinos, and numerous entertainment options."",""History"",""The chronological record of events and people that shaped the development of the city from a desert stop to a metropolis."",""Mob Museum"",""A museum dedicated to the history of organized crime and law enforcement in the United States."",""Bugsy Siegel"",""A notorious American mobster who was a driving force behind the development of the Las Vegas Strip."",""Fremont Street"",""The historic center of the city and the site of many of its first casinos and neon lights."",""Hoover Dam"",""A massive concrete arch-gravity dam in the Black Canyon of the Colorado River, located near the city."",""1"",""History""
698,""Las Vegas"",""A major resort city in Nevada known for its vibrant nightlife, 24-hour casinos, and numerous entertainment options."",""Transportation"",""The various modes and systems used by tourists and residents to travel within the city and surrounding areas."",""Monorail"",""An automated driverless transit system that runs along the east side of the Las Vegas Strip."",""Deuce Bus"",""A popular double-decker bus service that runs twenty-four hours a day along the main boulevard."",""McCarran"",""The primary commercial airport serving the Las Vegas Valley, now officially renamed Harry Reid International."",""Rideshare"",""Transportation services like Uber and Lyft that are widely used by tourists to navigate the city."",""1"",""Transportation""
699,""Las Vegas"",""A major resort city in Nevada known for its vibrant nightlife, 24-hour casinos, and numerous entertainment options."",""Dining"",""The diverse culinary landscape ranging from high-end celebrity chef restaurants to expansive all-you-can-eat buffets."",""Buffet"",""A system of serving meals in which people help themselves to a large variety of dishes set out on a table."",""Steakhouse"",""A restaurant that specializes in serving high-quality cuts of beef and other grilled meats."",""Michelin"",""A prestigious rating system used to identify restaurants of particularly high culinary quality."",""Food Court"",""An area within a mall or casino where several quick-service restaurants share a common seating area."",""3"",""Food""
700,""Las Vegas"",""A major resort city in Nevada known for its vibrant nightlife, 24-hour casinos, and numerous entertainment options."",""Sports"",""The recent expansion of major league athletic teams and events hosted within the city's modern stadiums."",""Golden Knights"",""The city's professional ice hockey team that competes in the National Hockey League."",""Raiders"",""The professional American football team that relocated to the city and plays in the NFL."",""Allegiant Stadium"",""A domed multi-purpose stadium located in Paradise, Nevada, serving as the home for the Raiders."",""T-Mobile Arena"",""A multi-purpose indoor arena on the Strip used for hockey games, concerts, and combat sports."",""5"",""Sports""
701,""Fables"",""Short stories, typically with animals as characters, conveying a moral lesson or truth about human nature."",""Aesop's Fables"",""A collection of fables credited to Aesop, a slave and storyteller believed to have lived in ancient Greece."",""Tortoise"",""A slow-moving land reptile that famously wins a race against a faster opponent through persistence."",""Hare"",""A fast-running animal that loses a race due to overconfidence and laziness in a classic fable."",""Fox"",""A clever and cunning animal often depicted as a trickster in various global fables."",""Grapes"",""The object of desire in a story about rationalizing failure, leading to the term sour grapes."",""1"",""Literature""
702,""Fables"",""Short stories, typically with animals as characters, conveying a moral lesson or truth about human nature."",""Moral Lessons"",""The underlying message or ethical teaching intended to be learned from the events of a story."",""Honesty"",""The quality of being fair and truthful, often rewarded in fables like The Boy Who Cried Wolf."",""Humility"",""A modest view of one's own importance, contrasted with the pride that leads to a character's downfall."",""Greed"",""An intense and selfish desire for wealth or power, frequently punished in traditional moral tales."",""Wisdom"",""The ability to make sensible decisions based on experience and knowledge, often held by elder characters."",""3"",""Education""
703,""Fables"",""Short stories, typically with animals as characters, conveying a moral lesson or truth about human nature."",""Anthropomorphism"",""The attribution of human characteristics, emotions, or intentions to non-human entities, especially animals."",""Speech"",""The capacity for animals in fables to communicate using human language to express thoughts and morals."",""Clothing"",""The depiction of animals wearing human attire to symbolize their social status or human-like roles."",""Reasoning"",""The cognitive process where animal characters weigh options and make logical or flawed decisions."",""Emotions"",""Human feelings like jealousy, love, or fear displayed by animal protagonists to create relatability."",""5"",""Language""
704,""Fables"",""Short stories, typically with animals as characters, conveying a moral lesson or truth about human nature."",""Oral Tradition"",""The cultural material and traditions transmitted orally from one generation to another through speech or song."",""Storytelling"",""The social and cultural activity of sharing narratives, often with improvisation and theatrics."",""Memory"",""The mental faculty by which stories were preserved and passed down before the invention of writing."",""Folklore"",""The expressive body of culture shared by a particular group, including tales, proverbs, and jokes."",""Legend"",""A traditional story sometimes regarded as historical but unauthenticated, often overlapping with fables."",""3"",""History""
705,""Fables"",""Short stories, typically with animals as characters, conveying a moral lesson or truth about human nature."",""Panchatantra"",""An ancient Indian collection of interrelated animal fables in Sanskrit verse and prose, arranged within a frame story."",""Vishnu"",""The deity to whom the authorship of the original frame story of the Panchatantra is often linked."",""Sanskrit"",""The ancient Indo-Aryan language in which the original texts of the Panchatantra were composed."",""Strategy"",""The focus on political and social diplomacy found within the Indian tradition of animal stories."",""Ethics"",""The system of moral principles governing conduct that these ancient stories aim to instill in royalty."",""5"",""Religion""
706,""Fables"",""Short stories, typically with animals as characters, conveying a moral lesson or truth about human nature."",""La Fontaine's Fables"",""A series of fables written in verse by Jean de La Fontaine, often adapted from Aesop and other sources."",""Verse"",""The poetic structure used by La Fontaine to make traditional fables more elegant and memorable."",""Satire"",""The use of humor or irony to criticize people's stupidity or vices, common in French fables."",""French"",""The language and cultural context of the seventeenth-century court for which these fables were written."",""Poetry"",""Literary work in which special intensity is given to the expression of feelings and ideas by style."",""3"",""Literature""
707,""Fables"",""Short stories, typically with animals as characters, conveying a moral lesson or truth about human nature."",""Folklore Elements"",""The traditional beliefs, customs, and stories of a community, passed through the generations by word of mouth."",""Myth"",""A traditional story concerning the early history of a people or explaining a natural phenomenon."",""Symbolism"",""The use of specific animals or objects to represent abstract ideas or qualities within a narrative."",""Archetype"",""A very typical example of a certain person or thing, like the trickster or the wise old owl."",""Allegory"",""A story that can be interpreted to reveal a hidden meaning, typically a moral or political one."",""1"",""Art""
708,""Folklore"",""The traditional beliefs, customs, and stories of a community, passed through the generations by word of mouth."",""Mythical Creatures"",""Legendary animals and beings that appear in the folklore of various cultures but lack scientific evidence."",""Dragon"",""A large, serpent-like legendary creature that appears in the folklore of many cultures around the world."",""Phoenix"",""A long-lived bird that cyclically regenerates or is otherwise born again from the ashes of its predecessor."",""Griffin"",""A legendary creature with the body, tail, and back legs of a lion and the head and wings of an eagle."",""Mermaid"",""A legendary aquatic creature with the upper body of a female human and the tail of a fish."",""1"",""Literature""
709,""Folklore"",""The traditional beliefs, customs, and stories of a community, passed through the generations by word of mouth."",""Urban Legends"",""Modern stories or myths that are often told as true and typically involve elements of horror or mystery."",""Bigfoot"",""A large, hairy, human-like creature believed by some to inhabit the forests of North America."",""Chupacabra"",""A legendary creature in the folklore of parts of the Americas, purported to drink the blood of livestock."",""Mothman"",""A humanoid creature reportedly seen in West Virginia, characterized by large wings and glowing red eyes."",""Slenderman"",""A fictional supernatural character that originated as a creepypasta Internet meme in the late 2000s."",""3"",""Lifestyle""
710,""Folklore"",""The traditional beliefs, customs, and stories of a community, passed through the generations by word of mouth."",""Fairy Tales"",""Short stories that typically feature folkloric fantasy characters and enchantments, often intended for children."",""Cinderella"",""A folk tale about a young woman living in unfortunate circumstances that are suddenly changed to fortune."",""Pinocchio"",""The story of a wooden puppet who dreams of becoming a real boy and whose nose grows when he tells a lie."",""Rapunzel"",""A German fairy tale about a girl with incredibly long hair who is locked in a tower by an enchantress."",""Snow White"",""A princess who takes refuge in the forest with seven dwarfs after her stepmother attempts to kill her."",""1"",""Literature""
711,""Folklore"",""The traditional beliefs, customs, and stories of a community, passed through the generations by word of mouth."",""Folk Heroes"",""Real or fictional people who are admired by a specific group of people for their courage or achievements."",""Robin Hood"",""A legendary heroic outlaw originally depicted in English folklore who stole from the rich to give to the poor."",""Paul Bunyan"",""A giant lumberjack and folk hero in American and Canadian folklore, often accompanied by Babe the Blue Ox."",""King Arthur"",""A legendary British leader who, according to medieval histories and romances, led the defense of Britain."",""Mulan"",""A legendary Chinese warrior from the Northern and Southern dynasties period of Chinese history."",""3"",""History""
712,""Folklore"",""The traditional beliefs, customs, and stories of a community, passed through the generations by word of mouth."",""Superstitions"",""Widely held but irrational beliefs in supernatural influences or practices intended to bring luck or avoid evil."",""Horseshoe"",""An object often kept as a talisman, believed to bring good luck when hung above a doorway."",""Black Cat"",""An animal often associated with bad luck or witchcraft in Western folklore when it crosses one's path."",""Mirror"",""An object believed in some cultures to trap the soul or bring seven years of bad luck if it is broken."",""Salt"",""A common substance used in various rituals to ward off evil spirits or bad luck when tossed over the shoulder."",""5"",""Religion""
713,""Folklore"",""The traditional beliefs, customs, and stories of a community, passed through the generations by word of mouth."",""Fables"",""Short stories, typically with animals as characters, conveying a moral lesson to the reader or listener."",""Tortoise"",""A character in Aesop's fables known for winning a race against a faster opponent through persistence."",""Hare"",""A fast animal that loses a race in a famous fable due to overconfidence and taking a nap mid-competition."",""Ant"",""A hardworking insect in a fable that prepares for winter while others play, teaching the value of effort."",""Grasshopper"",""A character that spends the summer singing and playing, only to find itself hungry when winter arrives."",""1"",""Education""
714,""Folklore"",""The traditional beliefs, customs, and stories of a community, passed through the generations by word of mouth."",""Ghost Stories"",""Narratives involving the appearance of spirits or deceased individuals, often intended for children or frightening adults."",""Poltergeist"",""A type of ghost or spirit that is responsible for physical disturbances, such as loud noises and moving objects."",""Banshee"",""A female spirit in Irish folklore who heralds the death of a family member by wailing or shrieking."",""Wraith"",""A ghost or ghostlike image of someone, especially one seen shortly before or after their death."",""Revenant"",""A visible ghost or animated corpse that is believed to have revived from death to haunt the living."",""5"",""Literature""
715,""Galaxies"",""Massive systems of stars, stellar remnants, interstellar gas, dust, and dark matter bound together by gravity."",""Spiral Galaxies"",""Galaxies characterized by a flat, rotating disk containing stars, gas, and dust, and a central concentration of stars."",""Andromeda"",""The closest large spiral galaxy to the Milky Way, visible to the naked eye from Earth."",""Milky Way"",""The barred spiral galaxy that contains our Solar System and billions of other stars."",""Pinwheel"",""A face-on spiral galaxy located in the constellation Ursa Major, known for its prominent arms."",""Sombrero"",""A spiral galaxy in the constellation Virgo with a bright nucleus and a large central bulge."",""3"",""Science""
716,""Galaxies"",""Massive systems of stars, stellar remnants, interstellar gas, dust, and dark matter bound together by gravity."",""Elliptical Galaxies"",""Galaxies with an approximately ellipsoidal shape and a smooth, nearly featureless image, containing mostly older stars."",""M87"",""A supergiant elliptical galaxy in the constellation Virgo, home to a famous black hole."",""Cygnus A"",""One of the most famous radio galaxies, known for its powerful jets and elliptical shape."",""Centaurus A"",""A prominent elliptical galaxy that is one of the closest radio sources to Earth."",""IC 1101"",""A supergiant elliptical galaxy at the center of the Abell 2029 galaxy cluster."",""5"",""Science""
717,""Galaxies"",""Massive systems of stars, stellar remnants, interstellar gas, dust, and dark matter bound together by gravity."",""Irregular Galaxies"",""Galaxies that do not have a distinct regular shape, unlike spiral or elliptical galaxies, often rich in gas and dust."",""Magellanic Cloud"",""A pair of irregular dwarf galaxies visible from the Southern Hemisphere, orbiting the Milky Way."",""Pegasus Dwarf"",""An irregular galaxy in the constellation Pegasus that is a member of the Local Group."",""Wolf-Lundmark"",""An isolated irregular galaxy located on the outer fringes of the Local Group."",""SagDIG"",""The Sagittarius Dwarf Irregular Galaxy, a distant member of the Local Group."",""5"",""Science""
718,""Galaxies"",""Massive systems of stars, stellar remnants, interstellar gas, dust, and dark matter bound together by gravity."",""Active Galactic Nuclei"",""A compact region at the center of a galaxy that has a much higher than normal luminosity over some portion of the spectrum."",""Quasar"",""An extremely luminous active galactic nucleus powered by a supermassive black hole."",""Blazar"",""A very compact quasar associated with a theoretical supermassive black hole at the center."",""Seyfert"",""A class of galaxies with nuclei that produce spectral line emission from highly ionized gas."",""Radio Galaxy"",""A type of active galaxy that is very luminous at radio wavelengths due to synchrotron radiation."",""5"",""Science""
719,""Galaxies"",""Massive systems of stars, stellar remnants, interstellar gas, dust, and dark matter bound together by gravity."",""Galactic Components"",""The various structural elements that make up a galaxy, including stars, gas, dust, and dark matter."",""Bulge"",""A tightly packed group of stars within a larger star formation, often found in spiral galaxies."",""Halo"",""A nearly spherical region of a galaxy that surrounds the main visible component."",""Galactic Disk"",""The region of a spiral galaxy where the majority of its stars, gas, and dust are located."",""Dark Matter"",""A form of matter thought to account for approximately 85% of the matter in the universe."",""1"",""Science""
720,""Galaxies"",""Massive systems of stars, stellar remnants, interstellar gas, dust, and dark matter bound together by gravity."",""Local Group"",""The galaxy group that includes the Milky Way and its nearest neighbors, spanning roughly 10 million light-years."",""Triangulum"",""A spiral galaxy in the Local Group, often considered the third-largest member after Andromeda."",""Large Magellanic"",""The largest satellite galaxy of the Milky Way, classified as a Magellanic spiral."",""Small Magellanic"",""A dwarf galaxy near the Milky Way, visible as a faint cloud in the night sky."",""Leo I"",""A dwarf spheroidal galaxy in the constellation Leo, part of the Local Group."",""3"",""Science""
721,""Galaxies"",""Massive systems of stars, stellar remnants, interstellar gas, dust, and dark matter bound together by gravity."",""Galaxy Evolution"",""The processes that change a galaxy over cosmic time, including star formation, mergers, and environmental effects."",""Redshift"",""The phenomenon where light from a galaxy is shifted toward longer wavelengths as it moves away."",""Starburst"",""A period of exceptionally high rate of star formation in a galaxy compared to the average rate."",""Merging"",""The process where two or more galaxies collide and join together to form a single larger galaxy."",""Galactic Wind"",""A high-velocity stellar wind originating from the center of a galaxy, often driven by supernovae."",""3"",""Science""
722,""Medical"",""The science and practice of establishing the diagnosis, treatment, and prevention of disease and maintaining health."",""Cardiology"",""The branch of medicine that deals with diseases and abnormalities of the heart and the circulatory system."",""Aorta"",""The main artery of the body, supplying oxygenated blood to the circulatory system."",""Ventricle"",""One of two large chambers toward the bottom of the heart that collect and expel blood."",""Arrhythmia"",""A condition in which the heart beats with an irregular or abnormal rhythm."",""Stethoscope"",""A medical instrument for listening to the action of someone's heart or breathing."",""5"",""Health""
723,""Medical"",""The science and practice of establishing the diagnosis, treatment, and prevention of disease and maintaining health."",""Neurology"",""The medical specialty concerned with the study and treatment of disorders of the nervous system."",""Neuron"",""A specialized cell transmitting nerve impulses; a nerve cell."",""Synapse"",""A junction between two nerve cells, consisting of a minute gap across which impulses pass."",""Cerebrum"",""The principal and most anterior part of the brain in vertebrates, located in the front area of the skull."",""Epilepsy"",""A neurological disorder marked by sudden recurrent episodes of sensory disturbance or loss of consciousness."",""5"",""Health""
724,""Medical"",""The science and practice of establishing the diagnosis, treatment, and prevention of disease and maintaining health."",""Pediatrics"",""The branch of medicine dealing with the health and medical care of infants, children, and adolescents."",""Neonate"",""A newborn child or infant, especially one less than four weeks old."",""Vaccine"",""A substance used to stimulate the production of antibodies and provide immunity against diseases."",""Growth"",""The process of increasing in physical size or development over a period of time."",""Puberty"",""The period during which adolescents reach sexual maturity and become capable of reproduction."",""3"",""Health""
725,""Medical"",""The science and practice of establishing the diagnosis, treatment, and prevention of disease and maintaining health."",""Pharmacology"",""The branch of medicine concerned with the uses, effects, and modes of action of drugs."",""Dosage"",""The size or frequency of a dose of a medicine or drug."",""Antibiotic"",""A medicine that inhibits the growth of or destroys microorganisms."",""Placebo"",""A harmless pill, medicine, or procedure prescribed more for the psychological benefit to the patient."",""Toxicity"",""The quality, state, or relative degree of being poisonous or harmful to a living organism."",""3"",""Science""
726,""Medical"",""The science and practice of establishing the diagnosis, treatment, and prevention of disease and maintaining health."",""Surgery"",""The medical specialty that uses operative manual and instrumental techniques to treat pathological conditions."",""Scalpel"",""A small and extremely sharp bladed instrument used for surgery and anatomical dissection."",""Incision"",""A surgical cut made in skin or flesh to facilitate a medical procedure."",""Anesthesia"",""Insensitivity to pain, especially as artificially induced by the administration of gases or drugs."",""Sutures"",""A stitch or row of stitches holding together the edges of a wound or surgical incision."",""5"",""Health""
727,""Medical"",""The science and practice of establishing the diagnosis, treatment, and prevention of disease and maintaining health."",""Radiology"",""The branch of medicine that uses imaging technology to diagnose and treat disease within the body."",""X-ray"",""A form of electromagnetic radiation used to create images of the internal structure of the body."",""Ultrasound"",""Sound or other vibrations having an ultrasonic frequency, used in medical imaging."",""Contrast"",""A substance used to enhance the visibility of internal structures in medical imaging."",""Fluoroscopy"",""A type of medical imaging that shows a continuous X-ray image on a monitor, like an X-ray movie."",""3"",""Technology""
728,""Medical"",""The science and practice of establishing the diagnosis, treatment, and prevention of disease and maintaining health."",""Immunology"",""The study of the immune system and its functions and disorders, including allergies and autoimmune diseases."",""Antibody"",""A blood protein produced in response to and counteracting a specific antigen."",""Antigen"",""A toxin or other foreign substance which induces an immune response in the body."",""Pathogen"",""A bacterium, virus, or other microorganism that can cause disease."",""Lymphocyte"",""A form of small leukocyte with a single round nucleus, occurring especially in the lymphatic system."",""5"",""Science""
729,""Heroes"",""Individuals admired for their courage, outstanding achievements, or noble qualities in various fields of human endeavor."",""Mythology"",""Legendary figures from ancient cultures known for superhuman strength or divine lineage."",""Hercules"",""A divine hero in Greek mythology, the son of Zeus and Alcmene, famous for his strength."",""Achilles"",""A hero of the Trojan War and the greatest warrior of Homer's Iliad."",""Perseus"",""The legendary founder of Mycenae who beheaded the Gorgon Medusa."",""Odysseus"",""The king of Ithaca and the protagonist of Homer's epic poem, the Odyssey."",""5"",""History""
730,""Heroes"",""Individuals admired for their courage, outstanding achievements, or noble qualities in various fields of human endeavor."",""Comic Books"",""Fictional characters with extraordinary abilities who protect the public from threats."",""Superman"",""An iconic alien superhero from Krypton with vast powers who protects Earth."",""Batman"",""A billionaire vigilante who uses his intellect and gadgets to fight crime in Gotham."",""Spider-Man"",""A young hero who gained arachnid-like abilities after being bitten by a radioactive spider."",""Wonder Woman"",""An Amazonian princess and warrior with superhuman strength and a lasso of truth."",""1"",""Literature""
731,""Heroes"",""Individuals admired for their courage, outstanding achievements, or noble qualities in various fields of human endeavor."",""Activists"",""Individuals who dedicate their lives to advocating for social, political, or environmental reform."",""Mandela"",""A South African anti-apartheid revolutionary who served as the country's first black president."",""Gandhi"",""An Indian lawyer who employed nonviolent resistance to lead the campaign for independence."",""Malala"",""A Pakistani activist for female education and the youngest Nobel Prize laureate."",""Parks"",""An American activist in the civil rights movement best known for her role in the bus boycott."",""3"",""Politics""
732,""Heroes"",""Individuals admired for their courage, outstanding achievements, or noble qualities in various fields of human endeavor."",""Military Leaders"",""Members of armed forces who demonstrate exceptional valor and sacrifice during times of conflict."",""Leonidas"",""A king of the Greek city-state of Sparta who led his forces during the Battle of Thermopylae."",""Joan of Arc"",""A heroine of France for her role during the Lancastrian phase of the Hundred Years' War."",""Washington"",""The first president of the United States and commander-in-chief of the Continental Army."",""Eisenhower"",""A general who served as Supreme Commander of the Allied Expeditionary Forces in Europe."",""3"",""History""
733,""Heroes"",""Individuals admired for their courage, outstanding achievements, or noble qualities in various fields of human endeavor."",""Sports Icons"",""Athletes who achieve greatness and serve as role models through their dedication and skill."",""Jordan"",""A legendary basketball player widely considered one of the greatest athletes of all time."",""Pele"",""A Brazilian professional footballer who won three FIFA World Cups and is a global icon."",""Serena"",""A dominant professional tennis player who has won 23 Grand Slam singles titles."",""Gretzky"",""A Canadian former professional ice hockey player known as the Great One."",""1"",""Sports""
734,""Heroes"",""Individuals admired for their courage, outstanding achievements, or noble qualities in various fields of human endeavor."",""Literary Protagonists"",""Central characters in written works who undergo significant growth and display heroic traits."",""Frodo"",""A hobbit of the Shire who inherits the One Ring and journeys to destroy it."",""Beowulf"",""A legendary Geatish hero who defeats the monster Grendel and becomes a king."",""Atticus"",""A principled lawyer in To Kill a Mockingbird who defends a black man against injustice."",""Sherlock"",""A brilliant private detective known for his proficiency with observation and deduction."",""3"",""Literature""
735,""Heroes"",""Individuals admired for their courage, outstanding achievements, or noble qualities in various fields of human endeavor."",""Scientific Pioneers"",""Researchers and inventors whose breakthroughs have significantly improved or saved human lives."",""Pasteur"",""A chemist and microbiologist renowned for his discoveries of the principles of vaccination."",""Curie"",""A physicist and chemist who conducted pioneering research on radioactivity."",""Fleming"",""A physician and microbiologist who discovered the world's first broadly effective antibiotic."",""Salk"",""A medical researcher and virologist who developed one of the first successful polio vaccines."",""5"",""Science""
736,""Hymn"",""A religious song or poem of praise to God or a deity, typically sung by a congregation in a church setting."",""Liturgical Context"",""The specific settings and ritualistic frameworks within which hymns are performed during religious services."",""Doxology"",""A short hymn of praises to God in various Christian services."",""Vespers"",""A service of evening prayer in the Divine Office of the Western Christian Church."",""Eucharist"",""The Christian ceremony commemorating the Last Supper, in which bread and wine are consecrated."",""Benediction"",""A short service in which the congregation is blessed with the Blessed Sacrament."",""3"",""Religion""
737,""Hymn"",""A religious song or poem of praise to God or a deity, typically sung by a congregation in a church setting."",""Musical Structure"",""The technical arrangement and composition styles used to create the melodic and harmonic foundation of a hymn."",""Stanza"",""A group of lines forming the basic recurring metrical unit in a poem or hymn."",""Refrain"",""A repeated line or number of lines in a poem or song, typically at the end of each verse."",""Chorale"",""A musical composition consisting of or resembling a harmonized version of a simple hymn tune."",""Harmony"",""The combination of simultaneously sounded musical notes to produce chords and chord progressions."",""1"",""Music""
738,""Hymn"",""A religious song or poem of praise to God or a deity, typically sung by a congregation in a church setting."",""Historical Eras"",""The distinct periods in history that shaped the development and stylistic evolution of hymnody across different cultures."",""Gregorian"",""Relating to the plainchant used in the Roman Catholic Church, named after Pope Gregory I."",""Baroque"",""A period of artistic style that used exaggerated motion and clear detail to produce drama."",""Victorian"",""Relating to the period of Queen Victoria's reign, known for a surge in popular hymnody."",""Medieval"",""Relating to the Middle Ages, during which early forms of liturgical hymns were developed."",""5"",""History""
739,""Hymn"",""A religious song or poem of praise to God or a deity, typically sung by a congregation in a church setting."",""Famous Composers"",""Notable individuals who have contributed significantly to the repertoire of sacred music and hymn writing throughout history."",""Wesley"",""Charles Wesley was an English leader of the Methodist movement, known for writing thousands of hymns."",""Watts"",""Isaac Watts was an English Christian minister and hymn writer, often called the Father of English Hymnody."",""Luther"",""Martin Luther was a German priest who composed hymns to spread the ideas of the Protestant Reformation."",""Crosby"",""Fanny Crosby was an American mission worker and poet who wrote over 8,000 hymns and gospel songs."",""3"",""History""
740,""Hymn"",""A religious song or poem of praise to God or a deity, typically sung by a congregation in a church setting."",""Performance Elements"",""The various aspects and techniques involved in the vocal and communal execution of hymns during a service."",""Unison"",""Performance of musical parts at the same pitch or in octaves, often used in congregational singing."",""Antiphonal"",""Sung, recited, or played by two groups relative to each other in a responsive manner."",""A cappella"",""Choral music performed without instrumental accompaniment, common in some hymn traditions."",""Canticle"",""A hymn or chant, typically with a biblical text, forming a regular part of a church service."",""1"",""Music""
741,""Hymn"",""A religious song or poem of praise to God or a deity, typically sung by a congregation in a church setting."",""Accompanying Instruments"",""Musical instruments traditionally used to support and enhance the singing of hymns in various worship environments."",""Organ"",""A large musical instrument having pipes acted on by compressed air and played using a keyboard."",""Piano"",""A large keyboard musical instrument with a wooden case enclosing a soundboard and metal strings."",""Harpsichord"",""A keyboard instrument with horizontal strings which are plucked by points of quill or leather."",""Lyre"",""A stringed instrument like a small harp used by the ancient Greeks and mentioned in biblical hymns."",""3"",""Music""
742,""Hymn"",""A religious song or poem of praise to God or a deity, typically sung by a congregation in a church setting."",""Literary Forms"",""The poetic structures and written styles employed in the composition of hymn lyrics and sacred verses."",""Meter"",""The rhythmic structure of a verse or lines in a hymn, defined by the number of syllables."",""Rhyme"",""Correspondence of sound between words or the endings of words, used in hymn poetry."",""Psalter"",""A volume containing the Book of Psalms, often with musical settings for use in worship."",""Allegory"",""A story, poem, or picture that can be interpreted to reveal a hidden meaning, often used in hymns."",""5"",""Literature""
743,""King Arthur"",""A legendary British leader who, according to medieval histories and romances, led the defense of Britain against Saxon invaders."",""Knights of the Round Table"",""The order of best knights in the court of King Arthur, known for their chivalry and bravery."",""Lancelot"",""Arthur's greatest companion and the most famous of the Knights of the Round Table."",""Gawain"",""Arthur's nephew and a formidable knight known for his strength and courtesy."",""Galahad"",""The son of Lancelot and the knight destined to achieve the Holy Grail due to his purity."",""Percival"",""One of the Grail knights who was raised in the woods and eventually found Camelot."",""1"",""History""
744,""King Arthur"",""A legendary British leader who, according to medieval histories and romances, led the defense of Britain against Saxon invaders."",""Legendary Artifacts"",""Mystical objects and weapons associated with the Arthurian legends and their magical properties."",""Excalibur"",""The legendary sword of King Arthur, sometimes attributed with magical powers or rightful sovereignty."",""Holy Grail"",""A sacred vessel that was the object of a spiritual quest by the Knights of the Round Table."",""Round Table"",""The famous table around which Arthur and his knights congregated, symbolizing equality."",""Scabbard"",""The sheath for Excalibur, said to possess the power to prevent the wearer from losing blood."",""3"",""History""
745,""King Arthur"",""A legendary British leader who, according to medieval histories and romances, led the defense of Britain against Saxon invaders."",""Key Locations"",""Significant geographical and mythical places that serve as the setting for Arthurian tales."",""Camelot"",""The castle and court associated with the legendary King Arthur and his knights."",""Avalon"",""A legendary island where King Arthur's sword Excalibur was forged and where he was taken to recover."",""Tintagel"",""The coastal site in Cornwall traditionally identified as the place of King Arthur's conception."",""Glastonbury"",""An English town often associated with Avalon and the burial site of King Arthur."",""1"",""Geography""
746,""King Arthur"",""A legendary British leader who, according to medieval histories and romances, led the defense of Britain against Saxon invaders."",""Magical Figures"",""Characters possessing supernatural abilities who influence the events of the Arthurian legend."",""Merlin"",""The powerful wizard and advisor to King Arthur, responsible for his upbringing and rise."",""Morgan le Fay"",""A powerful enchantress and often the antagonist or half-sister of King Arthur."",""Lady of the Lake"",""The mystical figure who gave Arthur his sword Excalibur and raised Sir Lancelot."",""Nimue"",""A character often identified as the Lady of the Lake or the one who imprisoned Merlin."",""5"",""Literature""
747,""King Arthur"",""A legendary British leader who, according to medieval histories and romances, led the defense of Britain against Saxon invaders."",""Arthurian Literature"",""The collection of written works and poems that have shaped the modern understanding of Arthur."",""Le Morte d'Arthur"",""The compilation of Arthurian legends by Sir Thomas Malory, published in the 15th century."",""Idylls of the King"",""A cycle of twelve narrative poems by Alfred, Lord Tennyson, retelling the Arthurian legend."",""The Once and Future King"",""A classic fantasy novel by T.H. White that reimagines the life and education of King Arthur."",""Vulgate Cycle"",""A major series of prose romances in Old French, providing a comprehensive history of Arthur."",""3"",""Literature""
748,""King Arthur"",""A legendary British leader who, according to medieval histories and romances, led the defense of Britain against Saxon invaders."",""The Quest for the Holy Grail"",""The spiritual journey undertaken by Arthur's knights to find the vessel used at the Last Supper."",""Siege Perilous"",""The vacant seat at the Round Table reserved for the knight destined to find the Holy Grail."",""Fisher King"",""The last in a long line of British kings charged with keeping the Holy Grail."",""Sangreal"",""The term used in medieval literature to refer to the Holy Grail or the royal bloodline."",""Castle Corbenic"",""The mystical castle where the Holy Grail is kept and where Sir Galahad was born."",""5"",""Religion""
749,""King Arthur"",""A legendary British leader who, according to medieval histories and romances, led the defense of Britain against Saxon invaders."",""Family and Relationships"",""The personal connections and bloodlines that define the life and downfall of King Arthur."",""Guinevere"",""The wife of King Arthur and the queen of Camelot, famous for her tragic love for Lancelot."",""Uther Pendragon"",""The father of King Arthur and a legendary King of sub-Roman Britain."",""Mordred"",""The traitorous nephew or son of King Arthur who fought him at the Battle of Camlann."",""Igraine"",""The mother of King Arthur and the wife of Uther Pendragon, formerly married to Gorlois."",""1"",""History""
750,""Cold Drinks"",""Beverages served at low temperatures, often chilled or with ice, to provide refreshment and hydration."",""Carbonated Sodas"",""Sweetened, carbonated beverages often containing caffeine and artificial flavorings."",""Cola"",""A carbonated soft drink flavored with vanilla, cinnamon, citrus oils, and other flavorings."",""Ginger Ale"",""A carbonated soft drink flavored with ginger, often used as a mixer or for stomach relief."",""Root Beer"",""A sweet North American beverage traditionally made using the root bark of the sassafras tree."",""Lemon-Lime"",""A citrus-flavored carbonated soft drink that is typically clear and caffeine-free."",""1"",""Food""
751,""Cold Drinks"",""Beverages served at low temperatures, often chilled or with ice, to provide refreshment and hydration."",""Iced Teas"",""Tea served cold, typically sweetened and flavored with lemon or peach."",""Earl Grey"",""A tea blend which has been flavored with the addition of oil of bergamot."",""Matcha"",""Finely ground powder of specially grown and processed green tea leaves, served cold."",""Oolong"",""A traditional semi-oxidized Chinese tea produced through a process including withering."",""Hibiscus"",""A herbal tea made as an infusion from crimson or deep magenta-colored calyces."",""3"",""Lifestyle""
752,""Cold Drinks"",""Beverages served at low temperatures, often chilled or with ice, to provide refreshment and hydration."",""Fruit Juices"",""Liquid naturally contained in fruit or vegetable tissue, extracted by pressing or maceration."",""Orange"",""A liquid extract of the orange tree fruit, produced by squeezing or reaming oranges."",""Apple"",""A fruit juice made by the maceration and pressing of an apple, often served chilled."",""Cranberry"",""A tart liquid made from cranberries, often sweetened to balance its natural acidity."",""Pineapple"",""A tropical juice made from the pulp of the pineapple plant, rich in vitamin C."",""1"",""Health""
753,""Cold Drinks"",""Beverages served at low temperatures, often chilled or with ice, to provide refreshment and hydration."",""Milkshakes"",""Thick, cold beverages made from milk, ice cream, and flavorings or sweeteners."",""Vanilla"",""A classic milkshake flavor derived from the orchids of the genus Vanilla."",""Chocolate"",""A rich milkshake made by blending milk, ice cream, and cocoa powder or syrup."",""Strawberry"",""A sweet, pink milkshake made with fresh strawberries or strawberry-flavored syrup."",""Caramel"",""A decadent milkshake featuring burnt sugar flavorings and often topped with sauce."",""3"",""Food""
754,""Cold Drinks"",""Beverages served at low temperatures, often chilled or with ice, to provide refreshment and hydration."",""Smoothies"",""Thick, creamy beverages made from pureed raw fruit, vegetables, and sometimes dairy products."",""Banana"",""A thick smoothie made by blending ripe bananas with yogurt or milk and ice."",""Spinach"",""A nutrient-dense green smoothie component that provides vitamins without a strong taste."",""Blueberry"",""A smoothie rich in antioxidants made from blended fresh or frozen blueberries."",""Mango"",""A tropical smoothie variety made from the sweet, orange flesh of ripe mangoes."",""5"",""Health""
755,""Cold Drinks"",""Beverages served at low temperatures, often chilled or with ice, to provide refreshment and hydration."",""Cold Brew Coffees"",""Coffee brewed with cold water over an extended period, resulting in a smooth, low-acid flavor."",""Nitro"",""Cold brew coffee infused with nitrogen gas to create a smooth, creamy texture."",""Espresso"",""A concentrated coffee served over ice, often used as a base for other cold drinks."",""Latte"",""A cold coffee drink made with espresso and chilled milk, often served over ice."",""Americano"",""A chilled drink prepared by diluting an espresso with cold water and ice."",""5"",""Lifestyle""
756,""Cold Drinks"",""Beverages served at low temperatures, often chilled or with ice, to provide refreshment and hydration."",""Mocktails"",""Non-alcoholic mixed drinks designed to mimic the complexity and presentation of cocktails."",""Mojito"",""A refreshing non-alcoholic version of the classic lime and mint cocktail."",""Shirley Temple"",""A famous non-alcoholic mixed drink made with ginger ale, grenadine, and a cherry."",""Piña Colada"",""A tropical mocktail made with pineapple juice and coconut cream, served blended."",""Sangria"",""A non-alcoholic fruit punch inspired by the Spanish wine-based beverage."",""3"",""Lifestyle""
757,""Navigation"",""The process or activity of accurately ascertaining one's position and planning and following a route to a destination."",""Maritime Navigation"",""The practice of directing a vessel's course at sea using specialized tools and environmental observations."",""Sextant"",""An instrument used to measure the angle between a celestial object and the horizon for navigation."",""Compass"",""A device that shows the direction of magnetic north and helps determine bearings."",""Chart"",""A detailed map of a sea or other body of water, showing depths, currents, and hazards."",""Buoy"",""An anchored float serving as a navigation mark to indicate shoals or channels."",""3"",""Geography""
758,""Navigation"",""The process or activity of accurately ascertaining one's position and planning and following a route to a destination."",""Celestial Navigation"",""A technique of position fixing that helps sailors and pilots determine their location via stars."",""Polaris"",""Also known as the North Star, it is used as a fixed point for determining latitude."",""Zenith"",""The point in the sky directly above an observer, used in calculating celestial angles."",""Astrolabe"",""An ancient instrument used to make astronomical measurements, typically of the altitudes of stars."",""Horizon"",""The line at which the earth's surface and the sky appear to meet, essential for sightings."",""5"",""Science""
759,""Navigation"",""The process or activity of accurately ascertaining one's position and planning and following a route to a destination."",""Aeronautical Navigation"",""The methods used by pilots to track their position and guide aircraft through the sky safely."",""Altimeter"",""An instrument used to measure the altitude of an object above a fixed level, like sea level."",""Waypoint"",""A specific geographical location used to define a route or flight path for an aircraft."",""Radar"",""A system for detecting the presence, direction, and speed of aircraft using radio waves."",""Glidepath"",""The specified path of an aircraft in a descent toward a landing on a runway."",""3"",""Transportation""
760,""Navigation"",""The process or activity of accurately ascertaining one's position and planning and following a route to a destination."",""Digital Navigation"",""Modern systems that utilize satellite signals and electronic maps to provide real-time guidance."",""Satellite"",""An artificial body placed in orbit around the earth to collect information or for communication."",""Geofencing"",""The use of GPS or RFID technology to create a virtual geographic boundary around a location."",""Telemetry"",""The process of recording and transmitting the readings of an instrument to a distant receiver."",""Trilateration"",""The process of determining absolute or relative locations of points by measurement of distances."",""1"",""Technology""
761,""Navigation"",""The process or activity of accurately ascertaining one's position and planning and following a route to a destination."",""Terrestrial Navigation"",""The art of finding one's way across land using maps, physical landmarks, and terrain features."",""Topography"",""The arrangement of the natural and artificial physical features of an area on a map."",""Landmark"",""An object or feature of a landscape or town that is easily seen and recognized from a distance."",""Azimuth"",""The horizontal angle or direction of a compass bearing, measured clockwise from north."",""Dead Reckoning"",""The process of calculating one's current position by using a previously determined position."",""3"",""Geography""
762,""Navigation"",""The process or activity of accurately ascertaining one's position and planning and following a route to a destination."",""Ancient Navigation"",""Historical methods of travel used by early civilizations before the invention of modern tools."",""Wayfinding"",""Traditional methods used by indigenous people to navigate across open oceans without tools."",""Monsoons"",""Seasonal winds that ancient sailors used to time their voyages across the Indian Ocean."",""Cross-staff"",""An early navigational tool used to measure the angle between the horizon and a celestial body."",""Portolan"",""A type of nautical chart used in the Middle Ages based on compass directions and distances."",""5"",""History""
763,""Navigation"",""The process or activity of accurately ascertaining one's position and planning and following a route to a destination."",""Animal Navigation"",""The biological mechanisms that allow animals to find their way over long distances during migration."",""Magnetoreception"",""A sense which allows an organism to detect a magnetic field to perceive direction or altitude."",""Echolocation"",""The use of sound waves and echoes to determine where objects are in space, used by bats."",""Pheromones"",""Chemical substances produced and released into the environment by an animal to mark trails."",""Migration"",""Seasonal movement of animals from one region to another, often following specific routes."",""5"",""Nature""
764,""Odin"",""The chief god of the Aesir in Norse mythology, associated with wisdom, war, poetry, and magic, often depicted with one eye."",""Family & Lineage"",""The complex web of divine relationships and offspring that define Odin's position within the Norse pantheon."",""Frigg"",""Odin's wife and the queen of the Aesir, known for her wisdom and foresight."",""Thor"",""The god of thunder and Odin's most famous son, known for his strength and hammer."",""Baldur"",""The beloved son of Odin and Frigg, whose death is a pivotal event in Norse myth."",""Borr"",""The father of Odin, Vili, and Ve, and the son of the first being, Buri."",""3"",""Religion""
765,""Odin"",""The chief god of the Aesir in Norse mythology, associated with wisdom, war, poetry, and magic, often depicted with one eye."",""Attributes & Symbols"",""The iconic objects and physical characteristics that represent Odin's power and identity in ancient lore."",""Gungnir"",""The legendary spear of Odin that never misses its mark and was crafted by dwarves."",""Draupnir"",""A magical gold ring that drops eight identical rings every ninth night, symbolizing wealth."",""One Eye"",""Odin sacrificed his eye at Mimir's Well to gain cosmic wisdom and understanding."",""Valknut"",""A symbol of three interlocking triangles associated with Odin and the transition to the afterlife."",""5"",""Religion""
766,""Odin"",""The chief god of the Aesir in Norse mythology, associated with wisdom, war, poetry, and magic, often depicted with one eye."",""Animal Companions"",""The various beasts and spirits that serve as messengers, mounts, or protectors for the Allfather."",""Sleipnir"",""The eight-legged horse born of Loki that serves as Odin's swift and powerful mount."",""Huginn"",""One of Odin's two ravens, representing thought, who flies across the world to bring news."",""Muninn"",""The second of Odin's ravens, representing memory, who reports the events of Midgard."",""Geri"",""One of the two wolves that accompany Odin, often depicted sitting at his feet during feasts."",""1"",""Nature""
767,""Odin"",""The chief god of the Aesir in Norse mythology, associated with wisdom, war, poetry, and magic, often depicted with one eye."",""Realms & Locations"",""The specific halls and cosmic locations within the nine realms where Odin resides or rules."",""Valhalla"",""The great hall in Asgard where Odin hosts the souls of warriors who died in battle."",""Asgard"",""The celestial realm of the Aesir gods, ruled by Odin from his high throne."",""Hlidskjalf"",""The high throne of Odin that allows him to see into all the nine realms at once."",""Mimir's Well"",""The source of wisdom located beneath the roots of Yggdrasil where Odin sacrificed his eye."",""3"",""Geography""
768,""Odin"",""The chief god of the Aesir in Norse mythology, associated with wisdom, war, poetry, and magic, often depicted with one eye."",""Powers & Magic"",""The mystical arts and divine abilities mastered by Odin, including runes and the mead of poetry."",""Runes"",""The ancient alphabet and magical symbols that Odin discovered while hanging from Yggdrasil."",""Seidr"",""A form of magic and shamanism that Odin learned, often associated with weaving fate."",""Poetry"",""Odin stole the Mead of Poetry to grant the gift of inspiration and eloquence to gods and men."",""Necromancy"",""The power to communicate with the dead, which Odin used to consult spirits and volvas."",""5"",""Literature""
769,""Odin"",""The chief god of the Aesir in Norse mythology, associated with wisdom, war, poetry, and magic, often depicted with one eye."",""Names & Epithets"",""The numerous titles and aliases used by Odin to travel incognito or describe his various roles."",""Allfather"",""The most common title for Odin, signifying his role as the progenitor of the gods."",""Wotan"",""The Germanic name for Odin, emphasizing his role as a god of fury and inspiration."",""Grimnir"",""A name meaning 'The Hooded One' used by Odin when traveling through Midgard in disguise."",""Gangleri"",""An alias meaning 'The Wanderer' used by Odin to test the hospitality and wisdom of others."",""1"",""Language""
770,""Odin"",""The chief god of the Aesir in Norse mythology, associated with wisdom, war, poetry, and magic, often depicted with one eye."",""Mythological Events"",""Significant occurrences in Norse mythology where Odin plays a central or transformative role."",""Ragnarok"",""The final battle of the gods where Odin is destined to be consumed by the wolf Fenrir."",""Creation"",""Odin and his brothers slew the giant Ymir to create the world from his remains."",""Sacrifice"",""Odin hung himself on the world tree for nine nights to gain the secret of the runes."",""Einherjar"",""The process of Odin selecting the bravest fallen warriors to prepare for the final battle."",""3"",""History""
