Category,EmojiTotal,Emoji1,EmojiDesc1,Emoji2,EmojiDesc2,Emoji3,EmojiDesc3,Emoji4,EmojiDesc4,Emoji5,EmojiDesc5,Emoji6,EmojiDesc6,Emoji7,EmojiDesc7,Emoji8,EmojiDesc8,
Animals,🦁🐒🐘🦒🐕🐈,🦁,Lion Face,🐒,Monkey,🐘,Elephant,🦒,Giraffe Face,🐕,Dog,🐈,Cat,
Transportation,🚗🚢✈️🛵🚄🚁,🚗,Automobile,🚢,Ship,✈️,Airplane,🛵,Motor Scooter,🚄,High-Speed Train,🚁,Helicopter,
Weather,☀️🌧️🌩️❄️🌬️🌪️🌨️☃️☔️💧💨,☀️,Black Sun With Rays,🌧️,Cloud With Rain,🌩️,Cloud With Lightning,❄️,Snowflake,🌬️,Wind Blowing Face,🌪️,Cloud With Tornado,🌨️,Cloud With Snow,☃️,Snowman,☔️,Umbrella With Rain Drops,💧,Droplet,💨,Dash Symbol,
Sports,⚽🏀🏈🎾🥅🏒,⚽,Soccer Ball,🏀,Basketball And Hoop,🏈,American Football,🎾,Tennis Racquet And Ball,🥅,Goal Net,🏒,Ice Hockey Stick And Puck,
Technology,📱💻🖱️💾💿🖨️,📱,Mobile Phone,💻,Personal Computer,🖱️,Three Button Mouse,💾,Floppy Disk,💿,Optical Disc,🖨️,Printer,
Music,🎶🎵🎤🥁🎸🎻,🎶,Multiple Musical Notes,🎵,Musical Note,🎤,Microphone,🥁,Drum With Drumsticks,🎸,Guitar,🎻,Violin,
Buildings,🏠🏢🏫🕍🏭🏛️,🏠,House Building,🏢,Office Building,🏫,School,🕍,Synagogue,🏭,Factory,🏛️,Classical Building,
Planets,🌍🪐🚀⭐👽☄️,🌍,Earth Globe Europe-Africa,🪐,Ringed Planet,🚀,Rocket,⭐,White Medium Star,👽,Extraterrestrial Alien,☄️,Comet,
Tools,🔨🔧🔩⛏️⚙️⛓️📐📏🧭,🔨,Hammer,🔧,Wrench,🔩,Nut And Bolt,⛏️,Pick,⚙️,Gear,⛓️,Chains,📐,Triangular Ruler,📏,Straight Ruler,🧭,Compass,
Emotions,😂😭😡🥶😇🥰,😂,Face With Tears Of Joy,😭,Loudly Crying Face,😡,Pouting Face,🥶,Freezing Face,😇,Smiling Face With Halo,🥰,Smiling Face With Smiling Eyes And Three Hearts,
Clothes,👕👖👗🧥🧦👟,👕,T-Shirt,👖,Jeans,👗,Dress,🧥,Coat,🧦,Socks,👟,Athletic Shoe,
Household,🛋️🪑📺💡🛏️🚽,🛋️,Couch And Lamp,🪑,Chair,📺,Television,💡,Electric Light Bulb,🛏️,Bed,🚽,Toilet,
School,📚✏️📎🗂️📏📐,📚,Books,✏️,Pencil,📎,Paperclip,🗂️,Card Index Dividers,📏,Straight Ruler,📐,Triangular Ruler,
Nature,🌳🌷🌾🍄🌵🍁,🌳,Deciduous Tree,🌷,Tulip,🌾,Ear Of Rice,🍄,Mushroom,🌵,Cactus,🍁,Maple Leaf,
Time,⏰🕰️⏳⌛⏱️📅,⏰,Alarm Clock,🕰️,Mantelpiece Clock,⏳,Hourglass With Flowing Sand,⌛,Hourglass,⏱️,Stopwatch,📅,Calendar,
Money,💵💶💷💴💰💳💹📈📉🏦🏧,💵,Banknote With Dollar Sign,💶,Banknote With Euro Sign,💷,Banknote With Pound Sign,💴,Banknote With Yen Sign,💰,Money Bag,💳,Credit Card,💹,Chart With Upwards Trend And Yen Sign,📈,Chart With Upwards Trend,📉,Chart With Downwards Trend,🏦,Bank,🏧,Automated Teller Machine,
Health,🩹🩺💊💉🌡️🧬,🩹,Adhesive Bandage,🩺,Stethoscope,💊,Pill,💉,Syringe,🌡️,Thermometer,🧬,Dna Double Helix,
Travel,🗺️📍🧭✈️🏨🧳,🗺️,World Map,📍,Round Pushpin,🧭,Compass,✈️,Airplane,🏨,Hotel,🧳,Luggage,
Celebration,🎉🎂🎁🎈🎊🥂,🎉,Party Popper,🎂,Birthday Cake,🎁,Wrapped Present,🎈,Balloon,🎊,Confetti Ball,🥂,Clinking Glasses,
Sea Life,🐬🐳🐠🦀🐙🐡,🐬,Dolphin,🐳,Spouting Whale,🐠,Tropical Fish,🦀,Crab,🐙,Octopus,🐡,Blowfish,
Kitchen,🔪🍴🥄🥣🍷☕,🔪,Hocho,🍴,Fork And Knife,🥄,Spoon,🥣,Bowl With Spoon,🍷,Wine Glass,☕,Hot Beverage,
Art,🎨🧵🧶🖌️✂️✏️,🎨,Artist Palette,🧵,Spool Of Thread,🧶,Ball Of Yarn,🖌️,Lower Left Paintbrush,✂️,Black Scissors,✏️,Pencil,
Science,🔬🧪⚗️🔭💡💻,🔬,Microscope,🧪,Test Tube,⚗️,Alembic,🔭,Telescope,💡,Electric Light Bulb,💻,Personal Computer,
Fantasy,🧙‍♀️🐉🧚‍♀️🦄🧞‍♂️🧛,🧙,Mage,🐉,Dragon,🧚,Fairy,🦄,Unicorn Face,🧞,Genie,🧛,Vampire,
Furniture,🪑🛋️🗄️🪞🖼️🏺,🪑,Chair,🛋️,Couch And Lamp,🗄️,File Cabinet,🪞,Mirror,🖼️,Frame With Picture,🏺,Amphora,
Gardening,🌱🌻💧🧺🥕,🌱,Seedling,🌻,Sunflower,💧,Droplet,🧺,Basket,🥕,Carrot,
Jewelry,💍💎📿🔗👂👑,💍,Ring,💎,Gem Stone,📿,Prayer Beads,🔗,Link Symbol,👂,Ear,👑,Crown,
Communication,☎️📞📧📬💬📱📟📠,☎️,Black Telephone,📞,Telephone Receiver,📧,E-Mail Symbol,📬,Open Mailbox With Raised Flag,💬,Speech Balloon,📱,Mobile Phone,📟,Pager,📠,Fax Machine,
Office,📇💼📊📈📉📎,📇,Card Index,💼,Briefcase,📊,Bar Chart,📈,Chart With Upwards Trend,📉,Chart With Downwards Trend,📎,Paperclip,
Camping,🏕️🔥⛺️🏮🪓🎒,🏕️,Camping,🔥,Fire,⛺️,Tent,🏮,Izakaya Lantern,🪓,Axe,🎒,School Satchel,
Beaches,🏖️🌊☀️🕶️🐚🏄,🏖️,Beach With Umbrella,🌊,Water Wave,☀️,Black Sun With Rays,🕶️,Dark Sunglasses,🐚,Spiral Shell,🏄,Surfer,
Desserts,🍦🍩🍰🍫🍬🍮,🍦,Soft Ice Cream,🍩,Doughnut,🍰,Shortcake,🍫,Chocolate Bar,🍬,Candy,🍮,Custard,
Games,🎲♟️🧩🎯🎱🕹️,🎲,Game Die,♟️,Black Chess Pawn,🧩,Jigsaw Puzzle Piece,🎯,Direct Hit,🎱,Billiards,🕹️,Joystick,
Baby,👶🍼🧸🚼,👶,Baby,🍼,Baby Bottle,🧸,Teddy Bear,🚼,Baby Symbol,
Winter,🌨️☃️🧣🧤🛷🎿,🌨️,Cloud With Snow,☃️,Snowman,🧣,Scarf,🧤,Gloves,🛷,Sled,🎿,Ski And Ski Boot,
Summer,🏖️☀️🍹🏊🍦🕶️,🏖️,Beach With Umbrella,☀️,Black Sun With Rays,🍹,Tropical Drink,🏊,Swimmer,🍦,Soft Ice Cream,🕶️,Dark Sunglasses,
Fall,🍂🎃🍁🌰🌽🥧,🍂,Fallen Leaf,🎃,Jack-O-Lantern,🍁,Maple Leaf,🌰,Chestnut,🌽,Ear Of Maize,🥧,Pie,
Spring,🌸🐣🦋🐞☔🌈,🌸,Cherry Blossom,🐣,Hatching Chick,🦋,Butterfly,🐞,Lady Beetle,☔,Umbrella With Rain Drops,🌈,Rainbow,
Body Parts,👁️👃👄👂🧠🦴,👁️,Eye,👃,Nose,👄,Mouth,👂,Ear,🧠,Brain,🦴,Bone,
Dance,💃🕺🩰👠👟,💃,Dancer,🕺,Man Dancing,🩰,Ballet Shoes,👠,High-Heeled Shoe,👟,Athletic Shoe,
Reading,📖📰📜📄✉️,📖,Open Book,📰,Newspaper,📜,Scroll,📄,Page Facing Up,✉️,Envelope,
Construction,🏗️🧱🚧👷‍♂️🦺🪚,🏗️,Building Construction,🧱,Brick,🚧,Construction Sign,👷,Construction Worker,🦺,Safety Vest,🪚,Carpentry Saw,
Party Supplies,🥳🕯️🎊🎆🎈🎤,🥳,Face With Party Horn And Party Hat,🕯️,Candle,🎊,Confetti Ball,🎆,Fireworks,🎈,Balloon,🎤,Microphone,
Vehicles,🚒🚓🚕🚌🚑🚜,🚒,Fire Engine,🚓,Police Car,🚕,Taxi,🚌,Bus,🚑,Ambulance,🚜,Tractor,
Mining,⛏️💎💰🔦👷,⛏️,Pick,💎,Gem Stone,💰,Money Bag,🔦,Electric Torch,👷,Construction Worker,
Puzzles,🧩🔍❓💡🔑🚪,🧩,Jigsaw Puzzle Piece,🔍,Left-Pointing Magnifying Glass,❓,Black Question Mark Ornament,💡,Electric Light Bulb,🔑,Key,🚪,Door,
Magic,🪄🔮✨💫🌙⭐,🪄,Magic Wand,🔮,Crystal Ball,✨,Sparkles,💫,Dizzy Symbol,🌙,Crescent Moon,⭐,White Medium Star,
Royalty,👑🤴👸🏰🛡️⚔️,👑,Crown,🤴,Prince,👸,Princess,🏰,European Castle,🛡️,Shield,⚔️,Crossed Swords,
Writing,✍️🖋️📝📜⌨️📚,✍️,Writing Hand,🖋️,Lower Left Fountain Pen,📝,Memo,📜,Scroll,⌨️,Keyboard,📚,Books,
Birds,🐦🦅🦉🦆🦢🦜,🐦,Bird,🦅,Eagle,🦉,Owl,🦆,Duck,🦢,Swan,🦜,Parrot,
Insects,🐛🦋🐜🐞🐝🦗,🐛,Bug,🦋,Butterfly,🐜,Ant,🐞,Lady Beetle,🐝,Honeybee,🦗,Cricket,
Farming,👩‍🌾👨‍🌾🐄🐖🐑🐔,👨,Ear Of Rice,🐄,Cow,🐖,Pig,🐑,Sheep,🐔,Chicken,
Holidays,🎄🎅🎁🕎🏮🧧,🎄,Christmas Tree,🎅,Father Christmas,🎁,Wrapped Present,🕎,Menorah With Nine Branches,🏮,Izakaya Lantern,🧧,Red Gift Envelope,
Medical,🏥🚑💉🩸❤️‍🩹,🏥,Hospital,🚑,Ambulance,💉,Syringe,🩸,Drop Of Blood,❤️,Heavy Black Heart,🩹,Adhesive Bandage,
Fitness,🏋️‍♀️🚴‍♂️🧘‍♀️🏃‍♀️🤸‍♂️💪,🏋️,Weight Lifter,🚴,Bicyclist,🧘,Person In Lotus Position,🏃,Runner,🤸,Person Doing Cartwheel,‍,‍,💪
Music Instruments,🎹🎷🎺🥁🎸🎻,🎹,Musical Keyboard,🎷,Saxophone,🎺,Trumpet,🥁,Drum With Drumsticks,🎸,Guitar,🎻,Violin,
Coffee,☕🥛🧊🥄🍵,☕,Hot Beverage,🥛,Glass Of Milk,🧊,Ice Cube,🥄,Spoon,🍵,Teacup Without Handle,
Bakery,🍞🥐🥖🥨🥯🎂,🍞,Bread,🥐,Croissant,🥖,Baguette Bread,🥨,Pretzel,🥯,Bagel,🎂,Birthday Cake,
Footwear,👞👟🥾👢👠🛡,👞,Mans Shoe,👟,Athletic Shoe,🥾,Hiking Boot,👢,Womans Boots,👠,High-Heeled Shoe,🛡,Shield,
Military,🔫💣🔪⛑️🎖️,🔫,Pistol,💣,Bomb,🔪,Hocho,⛑️,Helmet With White Cross,🎖️,Military Medal,
Fire,🔥🚒🚨💨,🔥,Fire,🚒,Fire Engine,🚨,Police Cars Revolving Light,💨,Dash Symbol,
Water Sports,🏊‍♀️🚣‍♀️⛵️🚤🤿🌊,🏊,Swimmer,🚣,Rowboat,⛵️,Sailboat,🚤,Speedboat,🤿,Diving Mask,🌊,Water Wave,
Snow Sports,⛷️🏂🎿🛷🧤,⛷️,Skier,🏂,Snowboarder,🎿,Ski And Ski Boot,🛷,Sled,🧤,Gloves,
Laundering,🧺🧼🧴👚👖,🧺,Basket,🧼,Bar Of Soap,🧴,Lotion Bottle,👚,Womans Clothes,👖,Jeans,
Hair Care,💇‍♀️💈🪮✂️🌡️,💇,Haircut,💈,Barber Pole,🪮,Comb,✂️,Scissors,
Beauty,💄💅🪥🪞,💄,Lipstick,💅,Nail Polish,🪥,Toothbrush,🪞,Mirror,
Time Zones,☀️🌙🌟🕛🕜,☀️,Black Sun With Rays,🌙,Crescent Moon,🌟,Glowing Star,🕛,Clock Face Twelve Oclock,🕜,Clock Face One-Thirty,
Spices,🌶️🧂🌿🧄🍠,🌶️,Hot Pepper,🧂,Salt Shaker,🌿,Herb,🧄,Garlic,🍠,Roasted Sweet Potato,
Flags,🚩🏁🏴🏳️,🚩,Triangular Flag On Post,🏁,Chequered Flag,🏴,Waving Black Flag,🏳️,Waving White Flag,
Gaming Consoles,🎮🕹️👾💿💻,🎮,Video Game,🕹️,Joystick,👾,Alien Monster,💿,Optical Disc,💻,Personal Computer,
Outerwear,🧥🧣🧤🧦🧢,🧥,Coat,🧣,Scarf,🧤,Gloves,🧦,Socks,🧢,Billed Cap,
Dairy,🥛🧀バター🍦🥚,🥛,Glass Of Milk,🧀,Cheese Wedge,バ,Katakana Letter Ba,タ,Katakana Letter Ta,ー,Katakana-Hiragana Prolonged Sound Mark,🍦,Soft Ice Cream,🥚,Egg,
Hardware,💻🖱️⌨️🖥️💾,💻,Personal Computer,🖱️,Three Button Mouse,⌨️,Keyboard,🖥️,Desktop Computer,💾,Floppy Disk,
Software,💿💾📄📁,💿,Optical Disc,💾,Floppy Disk,📄,Page Facing Up,📁,File Folder,
Geometry,🔺🔻⚪️⚫️🔸🔹,🔺,Up-Pointing Red Triangle,🔻,Down-Pointing Red Triangle,⚪️,Medium White Circle,⚫️,Medium Black Circle,🔸,Small Orange Diamond,🔹,Small Blue Diamond,
Photography,📸📷🎞️🔭🔆,📸,Camera With Flash,📷,Camera,🎞️,Film Frames,🔭,Telescope,🔆,High Brightness Symbol,
Theater,🎭🎬🎟️💡🎤,🎭,Performing Arts,🎬,Clapper Board,🎟️,Admission Tickets,💡,Electric Light Bulb,🎤,Microphone,
Space,🔭🌌🛰️☄️,🔭,Telescope,🌌,Milky Way,🛰️,Satellite,☄️,Comet,
Mythology,🏺🐍🏛️🔱🦉,🏺,Amphora,🐍,Snake,🏛️,Classical Building,🔱,Trident Emblem,🦉,Owl,
Office Supplies,🖇️📌📍📎🖊️,🖇️,Linked Paperclips,📌,Pushpin,📍,Round Pushpin,📎,Paperclip,🖊️,Lower Left Ballpoint Pen,
Deserts,🏜️🐪🌵☀️🔥,🏜️,Desert,🐪,Dromedary Camel,🌵,Cactus,☀️,Black Sun With Rays,🔥,Fire,
Reptiles,🦎🐍🐊🐢🐸,🦎,Lizard,🐍,Snake,🐊,Crocodile,🐢,Turtle,🐸,Frog Face,
Fungi,🍄🦠🧬🌱,🍄,Mushroom,🦠,Microbe,🧬,Dna Double Helix,🌱,Seedling,
Citrus Fruits,🍊🍋🍈🥝,🍊,Tangerine,🍋,Lemon,🍈,Melon,🥝,Kiwifruit,
Tropical Fruits,🍍🥭🥥🍌🥑,🍍,Pineapple,🥭,Mango,🥥,Coconut,🍌,Banana,🥑,Avocado,
Root Vegetables,🥕🥔🍠🧅🧄,🥕,Carrot,🥔,Potato,🍠,Roasted Sweet Potato,🧅,Onion,🧄,Garlic,
Bread,🥖🥯🥨🧇🥞,🥖,Baguette Bread,🥯,Bagel,🥨,Pretzel,🧇,Waffle,🥞,Pancakes,
Cheese,🧀バター🥚🍞🔪,🧀,Cheese Wedge,バ,Katakana Letter Ba,タ,Katakana Letter Ta,ー,Katakana-Hiragana Prolonged Sound Mark,🥚,Egg,🍞,Bread,🔪,Hocho,
Nuts,🥜🌰🍪🍯,🥜,Peanuts,🌰,Chestnut,🍪,Cookie,🍯,Honey Pot,
Seafood,🦞🦀🦐🦑,🦞,Lobster,🦀,Crab,🦐,Shrimp,🦑,Squid,
Body Fluids,🩸💦💧🩹🛁,🩸,Drop Of Blood,💦,Splashing Sweat Symbol,💧,Droplet,🩹,Adhesive Bandage,🛁,Bathtub,
Organs,🧠🫀🫁👁️,🧠,Brain,🫀,Anatomical Heart,🫁,Lungs,👁️,Eye,
Bones,🦴💀⚰️💪,🦴,Bone,💀,Skull,⚰️,Coffin,💪,Flexed Biceps,
Electrical,🔌🔋💡⚡️,🔌,Electric Plug,🔋,Battery,💡,Electric Light Bulb,⚡️,High Voltage Sign,
Plumbing,🚽🚿🛁🚰,🚽,Toilet,🚿,Shower,🛁,Bathtub,🚰,Potable Water Symbol,
Chemical,🧪⚗️🔬⚛️🌡️,🧪,Test Tube,⚗️,Alembic,🔬,Microscope,⚛️,Atom Symbol,🌡️,Thermometer,
Geological,🌋🪨💎⛏️,🌋,Volcano,🪨,Rock,💎,Gem Stone,⛏️,Pick,
Planetary,🪐🌕🌑💫,🪐,Ringed Planet,🌕,Full Moon Symbol,🌑,New Moon Symbol,💫,Dizzy Symbol,
Constellations,✨⭐💫🔭,✨,Sparkles,⭐,White Medium Star,💫,Dizzy Symbol,🔭,Telescope,
Physics,⚛️🔭💡⚡️,⚛️,Atom Symbol,🔭,Telescope,💡,Electric Light Bulb,⚡️,High Voltage Sign,
Legal,⚖️👩‍⚖️🏛️📜🔒,⚖️,Scales,🏛️,Court House,📜,Laws,🔒,Locked Up,🌐,Universal Law,
Politics,🗳️📢📰🧑‍🤝‍🧑🌐,🗳️,Ballot Box,📢,Speech,📰,Media,
Military Actions,💣💥🔥⚔️,💣,Bomb,💥,Collision Symbol,🔥,Fire,⚔️,Crossed Swords,
Musical Notes,🎶🎵🎼🎤🥁,🎶,Multiple Musical Notes,🎵,Musical Note,🎼,Musical Score,🎤,Microphone,🥁,Drum With Drumsticks,
Dance Shoes,🩰👠👞💃🕺,🩰,Ballet Shoes,👠,High-Heeled Shoe,👞,Mans Shoe,💃,Dancer,🕺,Man Dancing,
Structures,🏗️🏭🛖🏠🏢,🏗️,Building Construction,🏭,Factory,🛖,Hut,🏠,House Building,🏢,Office Building,
Ancient Art,🗿🏺🖼️🎭,🗿,Moyai,🏺,Amphora,🖼️,Frame With Picture,🎭,Theatre,
Drawing,✏️✒️🖍️🖌️🖼️,✏️,Pencil,✒️,Black Nib,🖍️,Lower Left Crayon,🖌️,Lower Left Paintbrush,🖼️,Frame With Picture,
Sewing,🧵🪡🪢✂️👚,🧵,Spool Of Thread,🪡,Sewing Needle,🪢,Knot,✂️,Black Scissors,👚,Womans Clothes,
Hand Tools,🪚🔨🔧🔩,🪚,Carpentry Saw,🔨,Hammer,🔧,Wrench,🔩,Nut And Bolt,
Fasteners,🔩🔗⛓️📌,🔩,Nut And Bolt,🔗,Link Symbol,⛓️,Chains,📌,Pushpin,
Batteries,🔋🔌💡⚡️,🔋,Battery,🔌,Electric Plug,💡,Electric Light Bulb,⚡️,High Voltage Sign,
Magnets,🧲🔗🔩⛓️,🧲,Magnet,🔗,Link Symbol,🔩,Nut And Bolt,⛓️,Chains,
Fabrics,🧶🧵👕👖,🧶,Ball Of Yarn,🧵,Spool Of Thread,👕,T-Shirt,👖,Jeans,
Cleaning,🧼🧴🧽🧹🧺,🧼,Bar Of Soap,🧴,Lotion Bottle,🧽,Sponge,🧹,Broom,🧺,Basket,
Relaxing,🛀🧘🧖‍♀️💆‍♀️🧖‍♂️,🛀,Bath,🧘,Person In Lotus Position,🧖,Steamroom,💆,Face Massage,‍,
Makeup,💄💅👄👁️,💄,Lipstick,💅,Nail Polish,👄,Mouth,👁️,Eye,
Writing Tools,🖊️✏️🖋️📝📜,🖊️,Ballpoint Pen,✏️,Pencil,🖋️,Fountain Pen,📝,Memo,📜,Paper,
Paper,📄🧾🗞️📜,📄,Page,🧾,Receipt,🗞️,Newspaper,📜,Papyrus,
Postal,✉️📫📬📦📮,✉️,Envelope,📫,Closed Mailbox With Raised Flag,📬,Open Mailbox With Raised Flag,📦,Package,📮,Postbox,
Cartoon Characters,👾🤖👽👻,👾,Alien Monster,🤖,Robot Face,👽,Extraterrestrial Alien,👻,Ghost,
Role Play,🎭🧝‍♀️🧙‍♂️🧚‍♀️🧛,🎭,Performing Arts,🧝,Elf,🧙,Mage,🧚,Fairy,🧛,Vampire,
Dice,🎲🎰🎱🎯,🎲,Game Die,🎰,Slot Machine,🎱,Billiards,🎯,Direct Hit,
Card Suits,♠️♣️♥️♦️,♠️,Black Spade Suit,♣️,Black Club Suit,♥️,Black Heart Suit,♦️,Black Diamond Suit,
Puppets,🧸🎭🤡🪆,🧸,Teddy Bear,🎭,Performing Arts,🤡,Clown Face,🪆,Nesting Dolls,
Watches,⌚️⏱️⏰🕰️,⌚️,Watch,⏱️,Stopwatch,⏰,Alarm Clock,🕰️,Mantelpiece Clock,
Calendars,🗓️📅📆📖,🗓️,Spiral Calendar Pad,📅,Calendar,📆,Tear-Off Calendar,📖,Open Book,
Candles/Incense,🕯️🔥👃✨,🕯️,Candle,🔥,Fire,👃,Nose,✨,Sparkles,
Fences/Barriers,🚧🧱🛑⛔,🚧,Construction Sign,🧱,Brick,🛑,Octagonal Sign,⛔,No Entry,
Swords/Weapons,⚔️🗡️🏹🛡️,⚔️,Crossed Swords,🗡️,Dagger Knife,🏹,Bow And Arrow,🛡️,Shield,
Gloves/Mittens,🧤🧣🖐️🤚,🧤,Gloves,🧣,Scarf,🖐️,Raised Hand With Fingers Splayed,🤚,Raised Back Of Hand,
Socks/Stockings,🧦🩰👡👠,🧦,Socks,🩰,Ballet Shoes,👡,Womans Sandal,👠,High-Heeled Shoe,
Coats/Jackets,🧥👚👔,🧥,Coat,👚,Womans Clothes,👔,Necktie,
Pants/Shorts,👖🩳💼,👖,Jeans,🩳,Shorts,💼,Briefcase,
Skirts/Dresses,👗👚👠,👗,Dress,👚,Womans Clothes,👠,High-Heeled Shoe,
Sweets/Candy,🍬🍭🍫🍯,🍬,Candy,🍭,Lollipop,🍫,Chocolate Bar,🍯,Honey Pot,
Hot Drinks,☕️🍵🍶🔥,☕️,Hot Beverage,🍵,Teacup Without Handle,🍶,Sake Bottle And Cup,🔥,Fire,
Cold Drinks,🥤🧊🍸🍹,🥤,Cup With Straw,🧊,Ice Cube,🍸,Cocktail Glass,🍹,Tropical Drink,
Root Beer/Soda,🥤🧃🧊🍺,🥤,Cup With Straw,🧃,Beverage Box,🧊,Ice Cube,🍺,Beer Mug,
Tissues/Paper Towels,🤧🧻📰📄,🤧,Sneezing Face,🧻,Roll Of Paper,📰,Newspaper,📄,Page Facing Up,
Blankets/Bedding,🛌🛋️🧺🛌,🛌,Sleeping Accommodation,🛋️,Couch And Lamp,🧺,Basket,🛌,Sleeping Accommodation,
Pillows/Cushions,😴🛋️🧸🛌,😴,Sleeping Face,🛋️,Couch And Lamp,🧸,Teddy Bear,🛌,Sleeping Accommodation,
Doors/Windows,🚪🪟🔑🔒,🚪,Door,🪟,Window,🔑,Key,🔒,Lock,
Stairs/Ramps,🪜⬆️⬇️♿,🪜,Ladder,⬆️,Upwards Black Arrow,⬇️,Downwards Black Arrow,♿,Wheelchair Symbol,
Basement/Attic,🏚️🕷️📦🔦,🏚️,Derelict House Building,🕷️,Spider,📦,Package,🔦,Electric Torch,
Garage/Carport,🚗⛽️🛠️🔩,🚗,Automobile,⛽️,Fuel Pump,🛠️,Hammer And Wrench,🔩,Nut And Bolt,
Street Signs,🛑🚦🚧⚠️,🛑,Octagonal Sign,🚦,Vertical Traffic Light,🚧,Construction Sign,⚠️,Warning Sign,
Tire/Wheel,🚗🛞⚙️🔧,🚗,Automobile,🛞,Wheel,⚙️,Gear,🔧,Wrench,
Engine/Motor,⚙️🔧🔩🔥,⚙️,Gear,🔧,Wrench,🔩,Nut And Bolt,🔥,Fire,
Windscreen/Wiper,🌧️🪟🚗💧,🌧️,Cloud With Rain,🪟,Window,🚗,Automobile,💧,Droplet,
Headlights/Brake Lights,💡🔦🚨,💡,Electric Light Bulb,🔦,Electric Torch,🚨,Police Cars Revolving Light,
Boating,🛥️🚤⚓️🌊,🛥️,Motor Boat,🚤,Speedboat,⚓️,Anchor,🌊,Water Wave,
Submarine/Diving,🤿🐳🐋,🤿,Diving Mask,🐳,Spouting Whale,🐋,Whale,
Rocketry,🚀🛰️🧑‍🚀🌌,🚀,Rocket,🛰️,Satellite,🧑,Adult,🚀,Rocket,🌌,Milky Way,
Hot Air Balloon,🎈⬆️🔥☁️,🎈,Balloon,⬆️,Upwards Black Arrow,🔥,Fire,☁️,Cloud,
Parachuting,🪂⬇️☁️🌬️,🪂,Parachute,⬇️,Downwards Black Arrow,☁️,Cloud,🌬️,Wind Blowing Face,
Skateboarding/Rollerblading,🛹🛼👟,🛹,Skateboard,🛼,Roller Skate,👟,Athletic Shoe,
Wrestling/Combat,🥋🥊💥,🥋,Martial Arts Uniform,🥊,Boxing Glove,💥,Collision Symbol,
Archery,🏹🎯🛡️💥,🏹,Bow And Arrow,🎯,Direct Hit,🛡️,Shield,💥,Collision Symbol,
Chess/Board Games,♟️🎲🧩,♟️,Black Chess Pawn,🎲,Game Die,🧩,Jigsaw Puzzle Piece,
Card Games,🃏🎴♠️♥️♦️,🃏,Playing Card Black Joker,🎴,Flower Playing Cards,♠️,Black Spade Suit,♥️,Black Heart Suit,♦️,Black Diamond Suit,
Video Game Characters,👾🤖🎮,👾,Alien Monster,🤖,Robot Face,🎮,Video Game,
Jewelry Boxes,💍💎📦,💍,Ring,💎,Gem Stone,📦,Package,
Mirrors/Reflection,🪞✨💍💎,🪞,Mirror,✨,Sparkles,💍,Ring,💎,Gem Stone,
Lamps/Lighting,💡🔦🕯️⚡️,💡,Electric Light Bulb,🔦,Electric Torch,🕯️,Candle,⚡️,High Voltage Sign,
Statues/Monuments,🗿🗽🏛️,🗿,Moyai,🗽,Statue Of Liberty,🏛️,Classical Building,
Fountain/Pool,⛲️🏊‍♀️💧,⛲️,Fountain,🏊,Swimmer,💧,Droplet,
Balloons/Kites,🎈🪁☁️🎉,🎈,Balloon,🪁,Kite,☁️,Cloud,🎉,Party Popper,
Ribbons/Bows,🎀🎁🎉,🎀,Ribbon,🎁,Wrapped Present,🎉,Party Popper,
Gift Wrap,🎁🛍️📦🎀,🎁,Wrapped Present,🛍️,Shopping Bags,📦,Package,🎀,Ribbon,
Singing/Choir,🎤🎶🗣️,🎤,Microphone,🎶,Multiple Musical Notes,🗣️,Speaking Head In Silhouette,
Dancing Styles,🩰💃🕺,🩰,Ballet Shoes,💃,Dancer,🕺,Man Dancing,
Poetry/Prose,📜🖋️📚,📜,Scroll,🖋️,Lower Left Fountain Pen,📚,Books,
Newspapers/Magazines,📰🗞️📚,📰,Newspaper,🗞️,Rolled-Up Newspaper,📚,Books,
Book Genres,📚👻👽💖,📚,Books,👻,Ghost,👽,Extraterrestrial Alien,💖,Sparkling Heart,
Erosion/Geology,🪨⏳⛰️🌋,🪨,Rock,⏳,Hourglass With Flowing Sand,⛰️,Mountain,🌋,Volcano,
Solar/Wind Power,☀️🌬️💡🔌,☀️,Black Sun With Rays,🌬️,Wind Blowing Face,💡,Electric Light Bulb,🔌,Electric Plug,
Farm Animals,🐮🐷🐑🐐🐔,🐮,Cow Face,🐷,Pig Face,🐑,Sheep,🐐,Goat,🐔,Chicken,
Ocean Creatures,🦈🐋🐠🐡,🦈,Shark,🐋,Whale,🐠,Tropical Fish,🐡,Blowfish,
Savannah Animals,🐆🦓🦒🦏,🐆,Leopard,🦓,Zebra Face,🦒,Giraffe Face,🦏,Rhinoceros,
Forest Animals,🐻🦊🦉🐿️,🐻,Bear Face,🦊,Fox Face,🦉,Owl,🐿️,Chipmunk,
Desert Animals,🐪🦂🐍🦎,🐪,Dromedary Camel,🦂,Scorpion,🐍,Snake,🦎,Lizard,
Reptiles/Amphibians,🐸🐍🐢🦎,🐸,Frog Face,🐍,Snake,🐢,Turtle,🦎,Lizard,
Rodents,🐭🐹🐰,🐭,Mouse Face,🐹,Hamster Face,🐰,Rabbit Face,
Predators,🐅🐺🦁,🐅,Tiger,🐺,Wolf Face,🦁,Lion Face,
Farm Tools,🚜🌾🌽🪓,🚜,Tractor,🌾,Ear Of Rice,🌽,Ear Of Maize,🪓,Axe,
Irrigation,💧💦🚿🚰,💧,Droplet,💦,Splashing Sweat Symbol,🚿,Shower,🚰,Potable Water Symbol,
Harvesting,🧺🥕🍎🍇,🧺,Basket,🥕,Carrot,🍎,Red Apple,🍇,Grapes,
Grain/Crops,🌾🌽🍞,🌾,Ear Of Rice,🌽,Ear Of Maize,🍞,Bread,
Dairy Processing,🥛🧀バター🍦🥚,🥛,Glass Of Milk,🧀,Cheese Wedge,バ,Katakana Letter Ba,タ,Katakana Letter Ta,ー,Katakana-Hiragana Prolonged Sound Mark,🍦,Soft Ice Cream,🥚,Egg,
Meat Cuts,🥩🍗🥓🍖,🥩,Cut Of Meat,🍗,Poultry Leg,🥓,Bacon,🍖,Meat On Bone,
Sauces/Condiments,🥫🍯🧂,🥫,Canned Food,🍯,Honey Pot,🧂,Salt Shaker,
Fast Food,🍔🍟🥤🌮,🍔,Hamburger,🍟,French Fries,🥤,Cup With Straw,🌮,Taco,
Diner Food,🍳🥓🥞🧇,🍳,Cooking,🥓,Bacon,🥞,Pancakes,🧇,Waffle,
Baked Goods,🍩🍪🎂,🍩,Doughnut,🍪,Cookie,🎂,Birthday Cake,
Spirits/Liquor,🥃🍸🍹🍷,🥃,Tumbler Glass,🍸,Cocktail Glass,🍹,Tropical Drink,🍷,Wine Glass,
Beer/Ale,🍺🍻🥂,🍺,Beer Mug,🍻,Clinking Beer Mugs,🥂,Clinking Glasses,
Wine/Grapes,🍇🍷🍾,🍇,Grapes,🍷,Wine Glass,🍾,Bottle With Popping Cork,
Vitamins/Supplements,💊🧬🧪🍎,💊,Pill,🧬,Dna Double Helix,🧪,Test Tube,🍎,Red Apple,
Herbs/Remedies,🌿🌱🌼,🌿,Herb,🌱,Seedling,🌼,Blossom,
Cosmetics,💄💅👁️👄,💄,Lipstick,💅,Nail Polish,👁️,Eye,👄,Mouth,
Skin Care,🧼🧴🧖‍♀️🛀,🧼,Bar Of Soap,🧴,Lotion Bottle,🧖,Steamroom,🛀,Bath,
Perfume/Fragrance,👃✨🌸,👃,Nose,✨,Sparkles,🌸,Cherry Blossom,
Security/Espionage,🕵️🗝️🔐🔍👁️‍🗨️📁,🕵️,Sleuth Or Spy,🗝️,Old Key,🔐,Closed Lock With Key,🔍,Left-Pointing Magnifying Glass,👁️,Eye,📁,File Folder,🗨️,Left Speech Bubble,
Ancient Civilization,🏺📜🗿🧱🏛️🦴,🏺,Amphora,📜,Scroll,🗿,Moyai,🧱,Brick,🏛️,Classical Building,🦴,Bone,
Alternative Energy,🔋☀️🌬️💧⚡🔌,🔋,Battery,☀️,Black Sun With Rays,🌬️,Wind Blowing Face,💧,Droplet,⚡,High Voltage Sign,🔌,Electric Plug,
Deep Space,🔭🛰️☄️🌌🛸👨‍🚀,🔭,Telescope,🛰️,Satellite,☄️,Comet,🌌,Milky Way,🛸,Flying Saucer,👨,Man,🚀,Rocket,
Botany/Science,🧪🌿🍄🪴🔬🧫,🧪,Test Tube,🌿,Herb,🍄,Mushroom,🪴,Potted Plant,🔬,Microscope,🧫,Petri Dish,
Cartography/Navigation,🗺️🧭⚓📍📏🛰️,🗺️,World Map,🧭,Compass,⚓,Anchor,📍,Round Pushpin,📏,Straight Ruler,🛰️,Satellite,
Natural Disasters,🌀⚡🌊🌋🌡️🌫️,🌀,Cyclone,⚡,High Voltage Sign,🌊,Water Wave,🌋,Volcano,🌡️,Thermometer,🌫️,Fog,
Smithing/Forge,⚒️🔥🛡️🗡️⛓️💎,⚒️,Hammer And Pick,🔥,Fire,🛡️,Shield,🗡️,Dagger Knife,⛓️,Chains,💎,Gem Stone,
Survival/Camping,🎒🔦📻⛺🪵🔪,🎒,School Satchel,🔦,Electric Torch,📻,Radio,⛺,Tent,🪵,Wood,🔪,Hocho,
Cybernetics/Augment,🦾🦿🧠💾💻🔌,🦾,Mechanical Arm,🦿,Mechanical Leg,🧠,Brain,💾,Floppy Disk,💻,Personal Computer,🔌,Electric Plug,
Medical Lab,🥼🧫🧪🌡️💉🧬,🥼,Lab Coat,🧫,Petri Dish,🧪,Test Tube,🌡️,Thermometer,💉,Syringe,🧬,Dna Double Helix,
The Occult,🔮🧿🃏🕯️📜🌑,🔮,Crystal Ball,🧿,Nazar Amulet,🃏,Playing Card Black Joker,🕯️,Candle,📜,Scroll,🌑,New Moon Symbol,
Marine Biology,🤿🐚🦀🐙🌊🫧,🤿,Diving Mask,🐚,Spiral Shell,🦀,Crab,🐙,Octopus,🌊,Water Wave,🫧,Bubbles,
Chronometry/History,⌛⌚⏰🗓️🕰️📜,⌛,Hourglass,⌚,Watch,⏰,Alarm Clock,🗓️,Spiral Calendar Pad,🕰️,Mantelpiece Clock,📜,Scroll,
Industrial/Factory,🏗️🏭⚙️👷🛠️🚛,🏗️,Building Construction,🏭,Factory,⚙️,Gear,👷,Construction Worker,🛠️,Hammer And Wrench,🚛,Articulated Lorry,
Mining/Geology,⛏️💎⚒️⛰️🔦🧱,⛏️,Pick,💎,Gem Stone,⚒️,Hammer And Pick,⛰️,Mountain,🔦,Electric Torch,🧱,Brick,
Alchemy/Chemistry,⚗️🧪🧫🌡️🌫️🧪,⚗️,Alembic,🧪,Test Tube,🧫,Petri Dish,🌡️,Thermometer,🌫️,Fog,🧪,Test Tube,
Virtual Reality,🥽🎮💻🖥️📡🌐,🥽,Goggles,🎮,Video Game,💻,Personal Computer,🖥️,Desktop Computer,📡,Satellite Antenna,🌐,Globe With Meridians,
Ancient Warfare,🏹🗡️🛡️⚔️🏰🐎,🏹,Bow And Arrow,🗡️,Dagger Knife,🛡️,Shield,⚔️,Crossed Swords,🏰,European Castle,🐎,Horse,
Forestry/Woodcraft,🪓🌲🪵🍂🌲🦌,🪓,Axe,🌲,Evergreen Tree,🪵,Wood,🍂,Fallen Leaf,🌲,Evergreen Tree,🦌,Deer,
Archeology,🏺🦴📜⛏️🏛️,🏺,Amphora,🦴,Bone,📜,Scroll,⛏️,Pick,🏛️,Classical Building,
Deep Sea,🤿⚓🌊🐙🐚,🤿,Diving Mask,⚓,Anchor,🌊,Water Wave,🐙,Octopus,🐚,Spiral Shell,
Forensics,🔍🧬🧪🧤🔬,🔍,Left-Pointing Magnifying Glass,🧬,Dna Double Helix,🧪,Test Tube,🧤,Gloves,🔬,Microscope,
Vintage Tech,🕯️🕰️📜📻📠,🕯️,Candle,🕰️,Mantelpiece Clock,📜,Scroll,📻,Radio,📠,Fax Machine,
Urban Survival,🎒🔦🔋📻🔪,🎒,School Satchel,🔦,Electric Torch,🔋,Battery,📻,Radio,🔪,Hocho,
Meteorology,🌀⚡🌊🌡️🌫️,🌀,Cyclone,⚡,High Voltage Sign,🌊,Water Wave,🌡️,Thermometer,🌫️,Fog,
Cyber Espionage,💻🖱️🗝️👁️‍🗨️📡,💻,Personal Computer,🖱️,Three Button Mouse,🗝️,Old Key,👁️,Eye,📡,Satellite Antenna,🗨️,Left Speech Bubble,
Geology,💎⚒️⛰️🧪🧱,💎,Gem Stone,⚒️,Hammer And Pick,⛰️,Mountain,🧪,Test Tube,🧱,Brick,
Ancient War,🛡️🏹🗡️🏰⚔️,🛡️,Shield,🏹,Bow And Arrow,🗡️,Dagger Knife,🏰,European Castle,⚔️,Crossed Swords,
Laboratory,🥼🧫🧪🌡️💉,🥼,Lab Coat,🧫,Petri Dish,🧪,Test Tube,🌡️,Thermometer,💉,Syringe,
Cartography,🗺️🧭📍📏🛰️,🗺️,World Map,🧭,Compass,📍,Round Pushpin,📏,Straight Ruler,🛰️,Satellite,
The Occult,🔮🧿🃏🕯️🌑,🔮,Crystal Ball,🧿,Nazar Amulet,🃏,Playing Card Black Joker,🕯️,Candle,🌑,New Moon Symbol,
Industrial,🏗️🏭⚙️👷🛠️,🏗️,Building Construction,🏭,Factory,⚙️,Gear,👷,Construction Worker,🛠️,Hammer And Wrench,
Forestry,🪓🌲🪵🍂🦌,🪓,Axe,🌲,Evergreen Tree,🪵,Wood,🍂,Fallen Leaf,🦌,Deer,
Astronomy,🔭🛰️☄️🌌🪐,🔭,Telescope,🛰️,Satellite,☄️,Comet,🌌,Milky Way,🪐,Ringed Planet,
Cryptography,🗝️📜🔍🔏🔐,🗝️,Old Key,📜,Scroll,🔍,Left-Pointing Magnifying Glass,🔏,Lock With Ink Pen,🔐,Closed Lock With Key,
Marine Life,🦀🐙🐟🐋🫧,🦀,Crab,🐙,Octopus,🐟,Fish,🐋,Whale,
Alchemy,⚗️🧪🧫🌫️🌡️,⚗️,Alembic,🧪,Test Tube,🧫,Petri Dish,🌫️,Fog,🌡️,Thermometer,
Virtual Reality,🥽🎮💻🌐📡,🥽,Goggles,🎮,Video Game,💻,Personal Computer,🌐,Globe With Meridians,📡,Satellite Antenna,
Chronometry,⌛⌚⏰🗓️🕰️,⌛,Hourglass,⌚,Watch,⏰,Alarm Clock,🗓️,Spiral Calendar Pad,🕰️,Mantelpiece Clock,
Red Zone,🔴🛑🏮🏎️🧧📮,🔴,Large Red Circle,🛑,Octagonal Sign,🏮,Izakaya Lantern,🏎️,Racing Car,🧧,Red Gift Envelope,📮,Postbox,
Blue Zone,🔵💧🧊🌌🗳️🌀,🔵,Large Blue Circle,💧,Droplet,🧊,Ice Cube,🌌,Milky Way,🗳️,Ballot Box With Ballot,🌀,Cyclone,
Yellow Zone,🟡☀️🍌🍯⚠️🎫,🟡,Large Yellow Circle,☀️,Black Sun With Rays,🍌,Banana,🍯,Honey Pot,⚠️,Warning Sign,🎫,Ticket,
Green Zone,🟢🌿🧪📗🌳🔋,🟢,Large Green Circle,🌿,Herb,🧪,Test Tube,📗,Green Book,🌳,Deciduous Tree,🔋,Battery,
Purple Zone,🟣🔮🍇🪁👾☂️,🟣,Large Purple Circle,🔮,Crystal Ball,🍇,Grapes,🪁,Kite,👾,Alien Monster,☂️,Umbrella,
Orange Zone,🟠🏀🍊🎃🦊🧱,🟠,Large Orange Circle,🏀,Basketball And Hoop,🍊,Tangerine,🎃,Jack-O-Lantern,🦊,Fox Face,🧱,Brick,
Pink Zone,🌸🎀🛍️🧠🦩🩰,🌸,Cherry Blossom,🎀,Ribbon,🛍️,Shopping Bags,🧠,Brain,🦩,Flamingo,🩰,Ballet Shoes,
Black/Darkness,⚫🌑💣🕶️🎩🎱,⚫,Medium Black Circle,🌑,New Moon Symbol,💣,Bomb,🕶️,Dark Sunglasses,🎩,Top Hat,🎱,Billiards,
White/Light,⚪☁️🏐🕯️🥛🥚,⚪,Medium White Circle,☁️,Cloud,🏐,Volleyball,🕯️,Candle,🥛,Glass Of Milk,🥚,Egg,
Circle Logic,⭕⚽🎡💿🥯🧭,⭕,Heavy Large Circle,⚽,Soccer Ball,🎡,Ferris Wheel,💿,Optical Disc,🥯,Bagel,🧭,Compass,
Square Logic,🟦🗳️🧱🕋⏹️🔲,🟦,Large Blue Square,🗳️,Ballot Box With Ballot,🧱,Brick,🕋,Kaaba,⏹️,Black Square For Stop,🔲,Black Square Button,
Triangle Logic,🔺📐🍕⛺⛰️🔼,🔺,Up-Pointing Red Triangle,📐,Triangular Ruler,🍕,Slice Of Pizza,⛺,Tent,⛰️,Mountain,🔼,Up-Pointing Small Red Triangle,
Diamond/Gem,🔷💎💠🪁💍🃏,🔷,Large Blue Diamond,💎,Gem Stone,💠,Diamond Shape With A Dot Inside,🪁,Kite,💍,Ring,🃏,Playing Card Black Joker,
Hearts/Love,❤️🍓🍒🌹💄🎈,❤️,Heavy Black Heart,🍓,Strawberry,🍒,Cherries,🌹,Rose,💄,Lipstick,🎈,Balloon,
Golden/Shiny,🟡🏆👑💰🔔🎺,🟡,Large Yellow Circle,🏆,Trophy,👑,Crown,💰,Money Bag,🔔,Bell,🎺,Trumpet,
Silver/Metallic,🔘🥈🔩🍴⛓️🗜️,🔘,Radio Button,🥈,Second Place Medal,🔩,Nut And Bolt,🍴,Fork And Knife,⛓️,Chains,🗜️,Compression,
East Asian,⛩️🏮🎋🍜🎎🧧,⛩️,Shinto Shrine,🏮,Izakaya Lantern,🎋,Tanabata Tree,🍜,Steaming Bowl,🎎,Japanese Dolls,🧧,Red Gift Envelope,
Medieval/Fantasy,🏰🛡️⚔️👑🐉📜,🏰,European Castle,🛡️,Shield,⚔️,Crossed Swords,👑,Crown,🐉,Dragon,📜,Scroll,
Western/Cowboy,🤠🌵🐎👢🎸🏜️,🤠,Face With Cowboy Hat,🌵,Cactus,🐎,Horse,👢,Womans Boots,🎸,Guitar,🏜️,Desert,
Tropical/Island,🏝️🥥🍍🌺🏄🍹,🏝️,Desert Island,🥥,Coconut,🍍,Pineapple,🌺,Hibiscus,🏄,Surfer,🍹,Tropical Drink,
Arctic/Polar,🧊🏔️🐧❄️🎿⛸️,🧊,Ice Cube,🏔️,Snow Capped Mountain,🐧,Penguin,❄️,Snowflake,🎿,Ski And Ski Boot,⛸️,Ice Skate,
Ancient Egypt,🏺🐪☀️🧱⚖️👁️‍🗨️,🏺,Amphora,🐪,Dromedary Camel,☀️,Black Sun With Rays,🧱,Brick,⚖️,Scales,👁️,Eye,🗨️,Left Speech Bubble,
Parisian/Cafe,🥖🍷🎨🗼🧀☕,🥖,Baguette Bread,🍷,Wine Glass,🎨,Artist Palette,🗼,Tokyo Tower,🧀,Cheese Wedge,☕,Hot Beverage,
Grecian/Roman,🏛️🏺🍇🌿🏹🛡️,🏛️,Classical Building,🏺,Amphora,🍇,Grapes,🌿,Herb,🏹,Bow And Arrow,🛡️,Shield,
Americana,🍔⚾🌭🗽🥤🥧,🍔,Hamburger,⚾,Baseball,🌭,Hot Dog,🗽,Statue Of Liberty,🥤,Cup With Straw,🥧,Pie,
Cyberpunk,🦾🤖💻🌃⚡🕶️,🦾,Mechanical Arm,🤖,Robot Face,💻,Personal Computer,🌃,Night With Stars,⚡,High Voltage Sign,🕶️,Dark Sunglasses,
Bohemian,🎨🧶🪴🎻🪕🕯️,🎨,Artist Palette,🧶,Ball Of Yarn,🪴,Potted Plant,🎻,Violin,🪕,Banjo,🕯️,Candle,
Nautical/Sailor,⚓🧭⛵🌊🐚 ⛴️,⚓,Anchor,🧭,Compass,⛵,Sailboat,🌊,Water Wave,🐚,Spiral Shell,⛴️,Ferry,
Mythology,🧜‍♀️🦄🐉🔱🏛️⚡,🧜‍♀️,Mermaid,🦄,Unicorn,🐉,Dragon,🔱,Trident,🏛️,Pantheon,⚡,Lightning,
Detective,🔍🕵️🥿📝📸🚨,🔍,Magnifier,🕵️,Sleuth,🥿,Footprint,📝,Notepad,📸,Camera,🚨,Siren,
Amusement Park,🎡🎢🎪🍿🎟️🎈,🎡,Ferris Wheel,🎢,Coaster,🎪,Tent,🍿,Popcorn,🎟️,Ticket,🎈,Balloon,
Photography,📷📸📹🎞️💡🖼️,📷,Camera,📸,Flash,📹,Camcorder,🎞️,Film,💡,Studio Light,🖼️,Frame,
Ancient Egypt,🐫🏺🧭👑🧱☀️,🐫,Camel,🏺,Urn,🧭,Compass,👑,Crown,🧱,Brick,☀️,Sun,
Bakery,🥐🥖🥨🧁🍩🍞,🥐,Croissant,🥖,Baguette,🥨,Pretzel,🧁,Cupcake,🍩,Donut,🍞,Bread,
Fitness,🏋️🏃🚴🥊🧘⏱️,🏋️,Weight,🏃,Runner,🚴,Cyclist,🥊,Glove,🧘,Yoga,⏱️,Timer,
Cozy Autumn,🍁🎃🧣☕🥧🔥,🍁,Leaf,🎃,Pumpkin,🧣,Scarf,☕,Coffee,🥧,Pie,🔥,Fire,
Concert,🎤🎸🎹🥁🎟️🔊,🎤,Mic,🎸,Guitar,🎹,Keyboard,🥁,Drum,🎟️,Ticket,🔊,Speaker,
Winter Sports,⛷️🏂⛸️🥌🏒🏔️,⛷️,Skier,🏂,Snowboarder,⛸️,Skate,🥌,Curling Stone,🏒,Hockey Stick,🏔️,Mountain,
Cyberpunk,🤖🧬💻🕶️🌌🦾,🤖,Android,🧬,Dna,💻,Laptop,🕶️,Sunglasses,🌌,Skyline,🦾,Cybernetic Arm,
Aviation,✈️🛫🛬🚁🪂👩‍✈️,✈️,Airplane,🛫,Takeoff,🛬,Landing,🚁,Helicopter,🪂,Parachute,👩‍✈️,Pilot,
Prehistory,🦖🦕🌋🦴🪵🌿,🦖,T-Rex,🦕,Sauropod,🌋,Volcano,🦴,Bone,🪵,Wood,🌿,Fern,
Theme Park,🎢🎡🎪🏰🎟️🍿,🎢,Coaster,🎡,Ferris Wheel,🎪,Tent,🏰,Castle,🎟️,Ticket,🍿,Popcorn,
Coffee Shop,☕🍵🥐🍩📚💻,☕,Coffee,🍵,Matcha,🥐,Croissant,🍩,Donut,📚,Book,💻,Laptop,
Greenhouse,🪴🌵🌿🌸💧🧤,🪴,Potted Plant,🌵,Cactus,🌿,Herb,🌸,Blossom,💧,Water Drop,🧤,Gloves,
Video Games,🎮🕹️👾👑🗡️🪙,🎮,Gamepad,🕹️,Joystick,👾,Alien Monster,👑,Crown,🗡️,Dagger,🪙,Coin,
Camping Trip,⛺🔥🎒🪵🧭🔦,⛺,Tent,🔥,Fire,🎒,Backpack,🪵,Log,🧭,Compass,🔦,Flashlight,
Board Games,🎲♟️🃏⏳📜🪙,🎲,Dice,♟️,Pawn,🃏,Joker Card,⏳,Hourglass,📜,Scroll,🪙,Token,
Ocean Depth,🦑🐡🦈🤿⚓🚢,🦑,Squid,🐡,Blowfish,🦈,Shark,🤿,Diving Mask,⚓,Anchor,🚢,Ship,
Apiculture,🐝🍯🌻🐻🪵👑,🐝,Bee,🍯,Honey,🌻,Flower,🐻,Bear,🪵,Log,👑,Queen,
Filmmaking,🎬📷📹🎞️💡🎙️,🎬,Clapper,📷,Camera,📹,Recorder,🎞️,Film,💡,Light,🎙️,Mic,
Skate Park,🛹🚲🛴🪖👟🛑,🛹,Skateboard,🚲,Bike,🛴,Scooter,🪖,Helmet,👟,Sneaker,🛑,Sign,
Broadway,🎭🎟️🎤💃👑🌹,🎭,Masks,🎟️,Ticket,🎤,Mic,💃,Dancer,👑,Crown,🌹,Rose,
Smoothie Bar,🥤🍓🍌🍊🍍🧊,🥤,Cup,🍓,Strawberry,🍌,Banana,🍊,Orange,🍍,Pineapple,🧊,Ice,
Hair Salon,💈✂️🪮🪞🧴🪒,💈,Pole,✂️,Scissors,🪮,Comb,🪞,Mirror,🧴,Lotion,🪒,Razor,
Naval Beacon,🚨⚓🌊🚢🧭🧱,🚨,Siren,⚓,Anchor,🌊,Wave,🚢,Ship,🧭,Compass,🧱,Brick,
Garment Design,🪡🧵✂️👔👗📐,🪡,Needle,🧵,Thread,✂️,Scissors,👔,Tie,👗,Dress,📐,Ruler,
Cosmic Impact,☄️🌋💥🥽⛏️📉,☄️,Comet,🌋,Volcano,💥,Blast,🥽,Goggles,⛏️,Pickaxe,📉,Chart,
Deep Dig,🏺🦴📜⛏️🏛️🗺️,🏺,Urn,🦴,Bone,📜,Scroll,⛏️,Pickaxe,🏛️,Ruins,🗺️,Map,
Neighborhood,🏠🏡🚗🌳🛝🚲,🏠,House,🏡,Yard,🚗,Car,🌳,Tree,🛝,Slide,🚲,Bike,
Polynesian Hut,🗿🍹🍍🥥🌴🎸,🗿,Statue,🍹,Drink,🍍,Pineapple,🥥,Coconut,🌴,Palm,🎸,Guitar,
Metro Transit,🚇🛤️🎫⏱️🎒🎛️,🚇,Train,🛤️,Tracks,🎫,Ticket,⏱️,Timer,🎒,Pack,🎛️,Console,
Alpine Climb,🧗⛰️🎒🥾🧗‍♂️⏱️,🧗,Climber,⛰️,Mountain,🎒,Pack,🥾,Boot,🧗‍♂️,Rope,⏱️,Timer,
Studio Gallery,🎨🖌️🗿🏺📐🖼️,🎨,Palette,🖌️,Brush,🗿,Statue,🏺,Vase,📐,Ruler,🖼️,Frame,
Critter Shop,🐕🐈🦜🐠🐹🦴,🐕,Dog,🐈,Cat,🦜,Parrot,🐠,Fish,🐹,Hamster,🦴,Bone,
Strike Alley,🎳🎯👟🍕🏆🥤,🎳,Pins,🎯,Target,👟,Shoes,🍕,Pizza,🏆,Trophy,🥤,Cup,
Roman Empire,🏛️🛡️🗡️👑📜🍇,🏛️,Temple,🛡️,Shield,🗡️,Dagger,👑,Crown,📜,Scroll,🍇,Grapes,
Observatory,🔭🪐🌍⭐🚀🛰️,🔭,Telescope,🪐,Saturn,🌍,Earth,⭐,Star,🚀,Rocket,🛰️,Satellite,
Card Shark,🃏♠️♥️♦️♣️🎲,🃏,Joker,♠️,Spade,♥️,Heart,♦️,Diamond,♣️,Club,🎲,Dice,
Timber Mill,🪓🪵🌲🏭🚛👷,🪓,Axe,🪵,Log,🌲,Pine,🏭,Factory,🚛,Truck,👷,Worker,
Bio Lab,⚗️🧪🧫🔬🥼💊,⚗️,Flask,🧪,Tube,🧫,Petri,🔬,Microscope,🥼,Coat,💊,Pill,
Breakfast Club,☕🍳🥞🥓🍔🥤,☕,Coffee,🍳,Egg,🥞,Pancake,🥓,Bacon,🍔,Burger,🥤,Drink,
Glockenspiel,⚙️⏰🕰️🔔🧱⏳,⚙️,Gears,⏰,Alarm,🕰️,Clock,🔔,Bell,🧱,Brick,⏳,Hourglass,
Patisserie,🥐🍞🥨🧁🍩🥚,🥐,Croissant,🍞,Bread,🥨,Pretzel,🧁,Cupcake,🍩,Donut,🥚,Egg,
Rock Concert,🎸🎤🥁🎹🔊🎟️,🎸,Guitar,🎤,Mic,🥁,Drum,🎹,Keyboard,🔊,Speaker,🎟️,Ticket,
Glacier Slopes,⛷️🏂⛸️🇲🏔️❄️🧣,⛷️,Skier,🏂,Snowboard,⛸️,Skate,🏔️,Mountain,❄️,Snowflake,🧣,Scarf,
Espionage,🕵️🔍🕶️💼💻🚗,🕵️,Spy,🔍,Lens,🕶️,Glasses,💼,Case,💻,Laptop,🚗,Car,
Deep Trenches,🦈🦑🐡⚓🤿🚢,🦈,Shark,🦑,Squid,🐡,Blowfish,⚓,Anchor,🤿,Mask,🚢,Ship,
Caped Crusaders,👑🦸‍♂️🦹‍♀️⚡🛡️💥,👑,Crown,🦸‍♂️,Hero,🦹‍♀️,Villain,⚡,Lightning,🛡️,Shield,💥,Blast,